id|username|email|tipousuarioId|temaId|operativo|createdAt|updatedAt
76|pacontreras_46|pacontreras_46@gmail.com|3|1|true|2023-09-24|2023-09-24
77|pbtorres_26|pbtorres_26@gmail.com|3|1|true|2023-09-24|2023-09-24
78|jfespinoza_88|jfespinoza_88@gmail.com|3|1|true|2023-09-24|2023-09-24
79|amcaceres_90|amcaceres_90@gmail.com|3|1|true|2023-09-24|2023-09-24
80|ajcarvajal_38|ajcarvajal_38@gmail.com|3|1|true|2023-09-24|2023-09-24
81|zftorres_38|zftorres_38@gmail.com|3|1|true|2023-09-24|2023-09-24
82|mrguzman_3|mrguzman_3@gmail.com|3|1|true|2023-09-24|2023-09-24
83|dmfarias_44|dmfarias_44@gmail.com|3|1|true|2023-09-24|2023-09-24
84|rrriquelme_89|rrriquelme_89@gmail.com|3|1|true|2023-09-24|2023-09-24
85|pearavena_49|pearavena_49@gmail.com|3|1|true|2023-09-24|2023-09-24
86|rarojas_9|rarojas_9@gmail.com|3|1|true|2023-09-24|2023-09-24
87|mrmolina_33|mrmolina_33@gmail.com|3|1|true|2023-09-24|2023-09-24
88|ecpoblete_45|ecpoblete_45@gmail.com|3|1|true|2023-09-24|2023-09-24
89|pscastro_44|pscastro_44@gmail.com|3|1|true|2023-09-24|2023-09-24
90|aareyes_88|aareyes_88@gmail.com|3|1|true|2023-09-24|2023-09-24
91|edvaldes_41|edvaldes_41@gmail.com|3|1|true|2023-09-24|2023-09-24
92|mbruiz_86|mbruiz_86@gmail.com|3|1|true|2023-09-24|2023-09-24
93|javera_72|javera_72@gmail.com|3|1|true|2023-09-24|2023-09-24
94|vctoro_96|vctoro_96@gmail.com|3|1|true|2023-09-24|2023-09-24
95|xlsepulveda_45|xlsepulveda_45@gmail.com|3|1|true|2023-09-24|2023-09-24
96|bcleiva_45|bcleiva_45@gmail.com|3|1|true|2023-09-24|2023-09-24
97|dvcarvajal_19|dvcarvajal_19@gmail.com|3|1|true|2023-09-24|2023-09-24
98|anriquelme_43|anriquelme_43@gmail.com|3|1|true|2023-09-24|2023-09-24
99|egmiranda_33|egmiranda_33@gmail.com|3|1|true|2023-09-24|2023-09-24
100|rjcastillo_98|rjcastillo_98@gmail.com|3|1|true|2023-09-24|2023-09-24
126|vmzuniga_44|vmzuniga_44@gmail.com|3|1|true|2023-09-24|2023-09-24
127|lsaguilera_31|lsaguilera_31@gmail.com|3|1|true|2023-09-24|2023-09-24
128|amnavarrete_31|amnavarrete_31@gmail.com|3|1|true|2023-09-24|2023-09-24
129|mlrodriguez_33|mlrodriguez_33@gmail.com|3|1|true|2023-09-24|2023-09-24
130|bscarrasco_50|bscarrasco_50@gmail.com|3|1|true|2023-09-24|2023-09-24
131|akespinoza_54|akespinoza_54@gmail.com|3|1|true|2023-09-24|2023-09-24
132|vafuentes_70|vafuentes_70@gmail.com|3|1|true|2023-09-24|2023-09-24
133|iaaraya_4|iaaraya_4@gmail.com|3|1|true|2023-09-24|2023-09-24
134|fpguzman_18|fpguzman_18@gmail.com|3|1|true|2023-09-24|2023-09-24
135|ífsalinas_53|ífsalinas_53@gmail.com|3|1|true|2023-09-24|2023-09-24
136|nczuniga_1|nczuniga_1@gmail.com|3|1|true|2023-09-24|2023-09-24
137|bfortega_58|bfortega_58@gmail.com|3|1|true|2023-09-24|2023-09-24
138|orgallardo_67|orgallardo_67@gmail.com|3|1|true|2023-09-24|2023-09-24
139|acgarcia_31|acgarcia_31@gmail.com|3|1|true|2023-09-24|2023-09-24
140|ecnavarrete_66|ecnavarrete_66@gmail.com|3|1|true|2023-09-24|2023-09-24
141|ídvargas_54|ídvargas_54@gmail.com|3|1|true|2023-09-24|2023-09-24
142|rigonzalez_73|rigonzalez_73@gmail.com|3|1|true|2023-09-24|2023-09-24
143|fmjara_93|fmjara_93@gmail.com|3|1|true|2023-09-24|2023-09-24
144|ddvidal_61|ddvidal_61@gmail.com|3|1|true|2023-09-24|2023-09-24
145|prfarias_51|prfarias_51@gmail.com|3|1|true|2023-09-24|2023-09-24
146|ssorellana_60|ssorellana_60@gmail.com|3|1|true|2023-09-24|2023-09-24
147|apdonoso_35|apdonoso_35@gmail.com|3|1|true|2023-09-24|2023-09-24
148|blacevedo_23|blacevedo_23@gmail.com|3|1|true|2023-09-24|2023-09-24
149|cstorres_40|cstorres_40@gmail.com|3|1|true|2023-09-24|2023-09-24
150|vmvenegas_44|vmvenegas_44@gmail.com|3|1|true|2023-09-24|2023-09-24
176|mjsandoval_70|mjsandoval_70@gmail.com|3|1|true|2023-09-24|2023-09-24
177|vívaldes_14|vívaldes_14@gmail.com|3|1|true|2023-09-24|2023-09-24
178|ckvasquez_56|ckvasquez_56@gmail.com|3|1|true|2023-09-24|2023-09-24
179|ldfarias_39|ldfarias_39@gmail.com|3|1|true|2023-09-24|2023-09-24
180|levera_17|levera_17@gmail.com|3|1|true|2023-09-24|2023-09-24
181|epmolina_74|epmolina_74@gmail.com|3|1|true|2023-09-24|2023-09-24
182|eeortega_78|eeortega_78@gmail.com|3|1|true|2023-09-24|2023-09-24
183|betorres_15|betorres_15@gmail.com|3|1|true|2023-09-24|2023-09-24
184|lmrivera_79|lmrivera_79@gmail.com|3|1|true|2023-09-24|2023-09-24
185|mmcarvajal_71|mmcarvajal_71@gmail.com|3|1|true|2023-09-24|2023-09-24
186|ljguzman_8|ljguzman_8@gmail.com|3|1|true|2023-09-24|2023-09-24
187|amaraya_46|amaraya_46@gmail.com|3|1|true|2023-09-24|2023-09-24
188|lfmunoz_17|lfmunoz_17@gmail.com|3|1|true|2023-09-24|2023-09-24
189|lamaldonado_71|lamaldonado_71@gmail.com|3|1|true|2023-09-24|2023-09-24
190|jtpino_63|jtpino_63@gmail.com|3|1|true|2023-09-24|2023-09-24
191|kffigueroa_58|kffigueroa_58@gmail.com|3|1|true|2023-09-24|2023-09-24
192|mgpena_35|mgpena_35@gmail.com|3|1|true|2023-09-24|2023-09-24
193|athernandez_21|athernandez_21@gmail.com|3|1|true|2023-09-24|2023-09-24
194|vmsalazar_34|vmsalazar_34@gmail.com|3|1|true|2023-09-24|2023-09-24
195|lghernandez_74|lghernandez_74@gmail.com|3|1|true|2023-09-24|2023-09-24
196|isflores_82|isflores_82@gmail.com|3|1|true|2023-09-24|2023-09-24
197|vgcarvajal_60|vgcarvajal_60@gmail.com|3|1|true|2023-09-24|2023-09-24
198|lvperez_23|lvperez_23@gmail.com|3|1|true|2023-09-24|2023-09-24
199|ehortega_33|ehortega_33@gmail.com|3|1|true|2023-09-24|2023-09-24
200|cmdiaz_93|cmdiaz_93@gmail.com|3|1|true|2023-09-24|2023-09-24
226|esrojas_24|esrojas_24@gmail.com|3|1|true|2023-09-24|2023-09-24
227|jprojas_7|jprojas_7@gmail.com|3|1|true|2023-09-24|2023-09-24
228|rariquelme_7|rariquelme_7@gmail.com|3|1|true|2023-09-24|2023-09-24
229|kjmolina_91|kjmolina_91@gmail.com|3|1|true|2023-09-24|2023-09-24
230|ldvenegas_44|ldvenegas_44@gmail.com|3|1|true|2023-09-24|2023-09-24
231|iljara_30|iljara_30@gmail.com|3|1|true|2023-09-24|2023-09-24
232|yavera_89|yavera_89@gmail.com|3|1|true|2023-09-24|2023-09-24
233|xrhernandez_56|xrhernandez_56@gmail.com|3|1|true|2023-09-24|2023-09-24
234|pirivera_27|pirivera_27@gmail.com|3|1|true|2023-09-24|2023-09-24
235|ájfarias_59|ájfarias_59@gmail.com|3|1|true|2023-09-24|2023-09-24
236|artoro_88|artoro_88@gmail.com|3|1|true|2023-09-24|2023-09-24
237|koflores_60|koflores_60@gmail.com|3|1|true|2023-09-24|2023-09-24
238|ikherrera_67|ikherrera_67@gmail.com|3|1|true|2023-09-24|2023-09-24
239|vonavarrete_24|vonavarrete_24@gmail.com|3|1|true|2023-09-24|2023-09-24
240|gdsaez_44|gdsaez_44@gmail.com|3|1|true|2023-09-24|2023-09-24
241|fdacevedo_98|fdacevedo_98@gmail.com|3|1|true|2023-09-24|2023-09-24
242|ajvargas_99|ajvargas_99@gmail.com|3|1|true|2023-09-24|2023-09-24
243|kasalazar_23|kasalazar_23@gmail.com|3|1|true|2023-09-24|2023-09-24
244|kfjimenez_56|kfjimenez_56@gmail.com|3|1|true|2023-09-24|2023-09-24
245|adhernandez_98|adhernandez_98@gmail.com|3|1|true|2023-09-24|2023-09-24
246|ossalinas_55|ossalinas_55@gmail.com|3|1|true|2023-09-24|2023-09-24
247|fazuniga_40|fazuniga_40@gmail.com|3|1|true|2023-09-24|2023-09-24
248|njaravena_28|njaravena_28@gmail.com|3|1|true|2023-09-24|2023-09-24
249|ifmorales_29|ifmorales_29@gmail.com|3|1|true|2023-09-24|2023-09-24
250|sscarrasco_83|sscarrasco_83@gmail.com|3|1|true|2023-09-24|2023-09-24
276|sgriquelme_62|sgriquelme_62@gmail.com|3|1|true|2023-09-24|2023-09-24
277|mdolivares_57|mdolivares_57@gmail.com|3|1|true|2023-09-24|2023-09-24
278|dccortes_22|dccortes_22@gmail.com|3|1|true|2023-09-24|2023-09-24
279|dasepulveda_83|dasepulveda_83@gmail.com|3|1|true|2023-09-24|2023-09-24
280|lmsepulveda_71|lmsepulveda_71@gmail.com|3|1|true|2023-09-24|2023-09-24
281|mvescobar_34|mvescobar_34@gmail.com|3|1|true|2023-09-24|2023-09-24
282|vffernandez_80|vffernandez_80@gmail.com|3|1|true|2023-09-24|2023-09-24
283|sggarrido_26|sggarrido_26@gmail.com|3|1|true|2023-09-24|2023-09-24
284|mmvalenzuela_14|mmvalenzuela_14@gmail.com|3|1|true|2023-09-24|2023-09-24
285|nfaraya_29|nfaraya_29@gmail.com|3|1|true|2023-09-24|2023-09-24
286|mdrivera_10|mdrivera_10@gmail.com|3|1|true|2023-09-24|2023-09-24
287|ifflores_32|ifflores_32@gmail.com|3|1|true|2023-09-24|2023-09-24
288|jsmoreno_17|jsmoreno_17@gmail.com|3|1|true|2023-09-24|2023-09-24
289|gcfarias_82|gcfarias_82@gmail.com|3|1|true|2023-09-24|2023-09-24
290|aabustamente_95|aabustamente_95@gmail.com|3|1|true|2023-09-24|2023-09-24
291|lesaavedra_81|lesaavedra_81@gmail.com|3|1|true|2023-09-24|2023-09-24
292|joaraya_61|joaraya_61@gmail.com|3|1|true|2023-09-24|2023-09-24
293|odvidal_91|odvidal_91@gmail.com|3|1|true|2023-09-24|2023-09-24
294|mrcarvajal_38|mrcarvajal_38@gmail.com|3|1|true|2023-09-24|2023-09-24
295|bjherrera_8|bjherrera_8@gmail.com|3|1|true|2023-09-24|2023-09-24
296|djleiva_89|djleiva_89@gmail.com|3|1|true|2023-09-24|2023-09-24
297|mttapia_24|mttapia_24@gmail.com|3|1|true|2023-09-24|2023-09-24
298|mfmunoz_34|mfmunoz_34@gmail.com|3|1|true|2023-09-24|2023-09-24
299|acdiaz_97|acdiaz_97@gmail.com|3|1|true|2023-09-24|2023-09-24
300|glcaceres_55|glcaceres_55@gmail.com|3|1|true|2023-09-24|2023-09-24
326|lacaceres_91|lacaceres_91@gmail.com|3|1|true|2023-09-24|2023-09-24
327|jrorellana_3|jrorellana_3@gmail.com|3|1|true|2023-09-24|2023-09-24
328|dbsandoval_16|dbsandoval_16@gmail.com|3|1|true|2023-09-24|2023-09-24
329|gbleiva_76|gbleiva_76@gmail.com|3|1|true|2023-09-24|2023-09-24
330|vcgutierrez_15|vcgutierrez_15@gmail.com|3|1|true|2023-09-24|2023-09-24
331|nnacuna_70|nnacuna_70@gmail.com|3|1|true|2023-09-24|2023-09-24
332|jmbravo_43|jmbravo_43@gmail.com|3|1|true|2023-09-24|2023-09-24
333|elriquelme_100|elriquelme_100@gmail.com|3|1|true|2023-09-24|2023-09-24
334|mjrivera_8|mjrivera_8@gmail.com|3|1|true|2023-09-24|2023-09-24
335|vbvasquez_85|vbvasquez_85@gmail.com|3|1|true|2023-09-24|2023-09-24
336|xjzuniga_64|xjzuniga_64@gmail.com|3|1|true|2023-09-24|2023-09-24
337|lcramirez_28|lcramirez_28@gmail.com|3|1|true|2023-09-24|2023-09-24
338|ijsaavedra_82|ijsaavedra_82@gmail.com|3|1|true|2023-09-24|2023-09-24
339|imlopez_28|imlopez_28@gmail.com|3|1|true|2023-09-24|2023-09-24
340|gbfuentes_81|gbfuentes_81@gmail.com|3|1|true|2023-09-24|2023-09-24
341|bsmartinez_50|bsmartinez_50@gmail.com|3|1|true|2023-09-24|2023-09-24
342|jvcarrasco_74|jvcarrasco_74@gmail.com|3|1|true|2023-09-24|2023-09-24
343|fpleiva_68|fpleiva_68@gmail.com|3|1|true|2023-09-24|2023-09-24
344|gpgutierrez_27|gpgutierrez_27@gmail.com|3|1|true|2023-09-24|2023-09-24
345|asvergara_100|asvergara_100@gmail.com|3|1|true|2023-09-24|2023-09-24
346|mklagos_36|mklagos_36@gmail.com|3|1|true|2023-09-24|2023-09-24
347|accampos_82|accampos_82@gmail.com|3|1|true|2023-09-24|2023-09-24
348|enescobar_36|enescobar_36@gmail.com|3|1|true|2023-09-24|2023-09-24
349|nmmoreno_56|nmmoreno_56@gmail.com|3|1|true|2023-09-24|2023-09-24
350|mralvarez_42|mralvarez_42@gmail.com|3|1|true|2023-09-24|2023-09-24
376|ajhenriquez_4|ajhenriquez_4@gmail.com|3|1|true|2023-09-24|2023-09-24
377|rjrivera_45|rjrivera_45@gmail.com|3|1|true|2023-09-24|2023-09-24
378|veramirez_50|veramirez_50@gmail.com|3|1|true|2023-09-24|2023-09-24
379|ptdiaz_44|ptdiaz_44@gmail.com|3|1|true|2023-09-24|2023-09-24
380|grbustamente_44|grbustamente_44@gmail.com|3|1|true|2023-09-24|2023-09-24
381|semaldonado_64|semaldonado_64@gmail.com|3|1|true|2023-09-24|2023-09-24
382|itguerrero_37|itguerrero_37@gmail.com|3|1|true|2023-09-24|2023-09-24
383|fmcardenas_29|fmcardenas_29@gmail.com|3|1|true|2023-09-24|2023-09-24
384|cmpoblete_48|cmpoblete_48@gmail.com|3|1|true|2023-09-24|2023-09-24
385|ismolina_66|ismolina_66@gmail.com|3|1|true|2023-09-24|2023-09-24
386|mlhenriquez_44|mlhenriquez_44@gmail.com|3|1|true|2023-09-24|2023-09-24
387|eavaldes_100|eavaldes_100@gmail.com|3|1|true|2023-09-24|2023-09-24
388|krsalinas_57|krsalinas_57@gmail.com|3|1|true|2023-09-24|2023-09-24
389|alsepulveda_21|alsepulveda_21@gmail.com|3|1|true|2023-09-24|2023-09-24
390|nfsanchez_58|nfsanchez_58@gmail.com|3|1|true|2023-09-24|2023-09-24
391|ceparra_29|ceparra_29@gmail.com|3|1|true|2023-09-24|2023-09-24
392|jcbustos_9|jcbustos_9@gmail.com|3|1|true|2023-09-24|2023-09-24
393|pmzuniga_28|pmzuniga_28@gmail.com|3|1|true|2023-09-24|2023-09-24
394|jbcarrasco_93|jbcarrasco_93@gmail.com|3|1|true|2023-09-24|2023-09-24
395|jlaguilera_81|jlaguilera_81@gmail.com|3|1|true|2023-09-24|2023-09-24
396|srjara_38|srjara_38@gmail.com|3|1|true|2023-09-24|2023-09-24
397|avsaez_34|avsaez_34@gmail.com|3|1|true|2023-09-24|2023-09-24
398|latoro_14|latoro_14@gmail.com|3|1|true|2023-09-24|2023-09-24
399|ddtorres_78|ddtorres_78@gmail.com|3|1|true|2023-09-24|2023-09-24
400|gazuniga_66|gazuniga_66@gmail.com|3|1|true|2023-09-24|2023-09-24
426|mfpena_67|mfpena_67@gmail.com|3|1|true|2023-09-24|2023-09-24
427|torojas_18|torojas_18@gmail.com|3|1|true|2023-09-24|2023-09-24
428|vesalazar_93|vesalazar_93@gmail.com|3|1|true|2023-09-24|2023-09-24
429|xapizarro_3|xapizarro_3@gmail.com|3|1|true|2023-09-24|2023-09-24
430|rtvidal_14|rtvidal_14@gmail.com|3|1|true|2023-09-24|2023-09-24
431|ddgomez_17|ddgomez_17@gmail.com|3|1|true|2023-09-24|2023-09-24
432|cvgomez_19|cvgomez_19@gmail.com|3|1|true|2023-09-24|2023-09-24
433|legarrido_51|legarrido_51@gmail.com|3|1|true|2023-09-24|2023-09-24
434|pscarrasco_21|pscarrasco_21@gmail.com|3|1|true|2023-09-24|2023-09-24
435|giortiz_72|giortiz_72@gmail.com|3|1|true|2023-09-24|2023-09-24
436|sehenriquez_19|sehenriquez_19@gmail.com|3|1|true|2023-09-24|2023-09-24
437|lngallardo_25|lngallardo_25@gmail.com|3|1|true|2023-09-24|2023-09-24
438|iidiaz_91|iidiaz_91@gmail.com|3|1|true|2023-09-24|2023-09-24
439|awgarcia_4|awgarcia_4@gmail.com|3|1|true|2023-09-24|2023-09-24
440|bcsaez_85|bcsaez_85@gmail.com|3|1|true|2023-09-24|2023-09-24
441|afdonoso_42|afdonoso_42@gmail.com|3|1|true|2023-09-24|2023-09-24
442|aisaez_84|aisaez_84@gmail.com|3|1|true|2023-09-24|2023-09-24
443|ysmoreno_26|ysmoreno_26@gmail.com|3|1|true|2023-09-24|2023-09-24
444|vdguerrero_12|vdguerrero_12@gmail.com|3|1|true|2023-09-24|2023-09-24
445|fcnunez_56|fcnunez_56@gmail.com|3|1|true|2023-09-24|2023-09-24
446|daescobar_66|daescobar_66@gmail.com|3|1|true|2023-09-24|2023-09-24
447|jkolivares_66|jkolivares_66@gmail.com|3|1|true|2023-09-24|2023-09-24
448|mbrojas_84|mbrojas_84@gmail.com|3|1|true|2023-09-24|2023-09-24
449|dáriquelme_13|dáriquelme_13@gmail.com|3|1|true|2023-09-24|2023-09-24
450|zysalazar_55|zysalazar_55@gmail.com|3|1|true|2023-09-24|2023-09-24
476|jiacuna_63|jiacuna_63@gmail.com|3|1|true|2023-09-24|2023-09-24
477|kimoreno_40|kimoreno_40@gmail.com|3|1|true|2023-09-24|2023-09-24
478|aaortega_57|aaortega_57@gmail.com|3|1|true|2023-09-24|2023-09-24
479|bmcarrasco_5|bmcarrasco_5@gmail.com|3|1|true|2023-09-24|2023-09-24
480|cevergara_63|cevergara_63@gmail.com|3|1|true|2023-09-24|2023-09-24
481|fssandoval_91|fssandoval_91@gmail.com|3|1|true|2023-09-24|2023-09-24
482|clparra_44|clparra_44@gmail.com|3|1|true|2023-09-24|2023-09-24
483|fmmiranda_88|fmmiranda_88@gmail.com|3|1|true|2023-09-24|2023-09-24
484|bcmiranda_5|bcmiranda_5@gmail.com|3|1|true|2023-09-24|2023-09-24
485|lrleiva_24|lrleiva_24@gmail.com|3|1|true|2023-09-24|2023-09-24
486|dbmartinez_95|dbmartinez_95@gmail.com|3|1|true|2023-09-24|2023-09-24
487|tggallardo_72|tggallardo_72@gmail.com|3|1|true|2023-09-24|2023-09-24
488|mcnavarrete_51|mcnavarrete_51@gmail.com|3|1|true|2023-09-24|2023-09-24
489|acaraya_36|acaraya_36@gmail.com|3|1|true|2023-09-24|2023-09-24
490|crsaavedra_98|crsaavedra_98@gmail.com|3|1|true|2023-09-24|2023-09-24
491|kmfarias_52|kmfarias_52@gmail.com|3|1|true|2023-09-24|2023-09-24
492|vnpoblete_7|vnpoblete_7@gmail.com|3|1|true|2023-09-24|2023-09-24
493|xagodoy_25|xagodoy_25@gmail.com|3|1|true|2023-09-24|2023-09-24
494|aaguzman_26|aaguzman_26@gmail.com|3|1|true|2023-09-24|2023-09-24
495|dmvasquez_42|dmvasquez_42@gmail.com|3|1|true|2023-09-24|2023-09-24
496|vbtoro_92|vbtoro_92@gmail.com|3|1|true|2023-09-24|2023-09-24
497|bmespinoza_98|bmespinoza_98@gmail.com|3|1|true|2023-09-24|2023-09-24
498|gjgallardo_46|gjgallardo_46@gmail.com|3|1|true|2023-09-24|2023-09-24
499|jczuniga_71|jczuniga_71@gmail.com|3|1|true|2023-09-24|2023-09-24
500|smcarrasco_28|smcarrasco_28@gmail.com|3|1|true|2023-09-24|2023-09-24
526|krmaldonado_36|krmaldonado_36@gmail.com|3|1|true|2023-09-24|2023-09-24
527|mmcastillo_39|mmcastillo_39@gmail.com|3|1|true|2023-09-24|2023-09-24
528|ivguerrero_83|ivguerrero_83@gmail.com|3|1|true|2023-09-24|2023-09-24
529|tdvenegas_6|tdvenegas_6@gmail.com|3|1|true|2023-09-24|2023-09-24
530|áfmiranda_23|áfmiranda_23@gmail.com|3|1|true|2023-09-24|2023-09-24
531|gjcontreras_86|gjcontreras_86@gmail.com|3|1|true|2023-09-24|2023-09-24
532|njbravo_5|njbravo_5@gmail.com|3|1|true|2023-09-24|2023-09-24
533|jldonoso_85|jldonoso_85@gmail.com|3|1|true|2023-09-24|2023-09-24
534|lrsilva_69|lrsilva_69@gmail.com|3|1|true|2023-09-24|2023-09-24
535|ghfernandez_72|ghfernandez_72@gmail.com|3|1|true|2023-09-24|2023-09-24
536|cjbustos_17|cjbustos_17@gmail.com|3|1|true|2023-09-24|2023-09-24
537|oemorales_59|oemorales_59@gmail.com|3|1|true|2023-09-24|2023-09-24
538|nvalvarado_24|nvalvarado_24@gmail.com|3|1|true|2023-09-24|2023-09-24
539|jdvaldes_26|jdvaldes_26@gmail.com|3|1|true|2023-09-24|2023-09-24
540|jjperez_72|jjperez_72@gmail.com|3|1|true|2023-09-24|2023-09-24
541|dcgodoy_13|dcgodoy_13@gmail.com|3|1|true|2023-09-24|2023-09-24
542|lkvera_84|lkvera_84@gmail.com|3|1|true|2023-09-24|2023-09-24
543|fdalvarez_45|fdalvarez_45@gmail.com|3|1|true|2023-09-24|2023-09-24
544|lralvarado_34|lralvarado_34@gmail.com|3|1|true|2023-09-24|2023-09-24
545|jácampos_25|jácampos_25@gmail.com|3|1|true|2023-09-24|2023-09-24
546|vmvargas_74|vmvargas_74@gmail.com|3|1|true|2023-09-24|2023-09-24
547|jmrodriguez_51|jmrodriguez_51@gmail.com|3|1|true|2023-09-24|2023-09-24
548|rvcarvajal_25|rvcarvajal_25@gmail.com|3|1|true|2023-09-24|2023-09-24
549|fmnunez_61|fmnunez_61@gmail.com|3|1|true|2023-09-24|2023-09-24
550|vcbustos_87|vcbustos_87@gmail.com|3|1|true|2023-09-24|2023-09-24
576|kclagos_11|kclagos_11@gmail.com|3|1|true|2023-09-24|2023-09-24
577|abrojas_2|abrojas_2@gmail.com|3|1|true|2023-09-24|2023-09-24
578|bcmiranda_54|bcmiranda_54@gmail.com|3|1|true|2023-09-24|2023-09-24
579|dpramirez_85|dpramirez_85@gmail.com|3|1|true|2023-09-24|2023-09-24
580|kejimenez_2|kejimenez_2@gmail.com|3|1|true|2023-09-24|2023-09-24
581|fasaavedra_16|fasaavedra_16@gmail.com|3|1|true|2023-09-24|2023-09-24
582|cjpizarro_11|cjpizarro_11@gmail.com|3|1|true|2023-09-24|2023-09-24
583|djguerrero_93|djguerrero_93@gmail.com|3|1|true|2023-09-24|2023-09-24
584|epriquelme_52|epriquelme_52@gmail.com|3|1|true|2023-09-24|2023-09-24
585|cstorres_65|cstorres_65@gmail.com|3|1|true|2023-09-24|2023-09-24
586|kmjimenez_14|kmjimenez_14@gmail.com|3|1|true|2023-09-24|2023-09-24
587|mbrivera_10|mbrivera_10@gmail.com|3|1|true|2023-09-24|2023-09-24
588|dlrodriguez_99|dlrodriguez_99@gmail.com|3|1|true|2023-09-24|2023-09-24
589|ckgomez_23|ckgomez_23@gmail.com|3|1|true|2023-09-24|2023-09-24
590|vbsoto_52|vbsoto_52@gmail.com|3|1|true|2023-09-24|2023-09-24
591|peescobar_38|peescobar_38@gmail.com|3|1|true|2023-09-24|2023-09-24
592|jjpoblete_17|jjpoblete_17@gmail.com|3|1|true|2023-09-24|2023-09-24
593|ismedina_59|ismedina_59@gmail.com|3|1|true|2023-09-24|2023-09-24
594|lcpena_44|lcpena_44@gmail.com|3|1|true|2023-09-24|2023-09-24
595|zegarcia_78|zegarcia_78@gmail.com|3|1|true|2023-09-24|2023-09-24
596|ejaravena_47|ejaravena_47@gmail.com|3|1|true|2023-09-24|2023-09-24
597|pjvega_47|pjvega_47@gmail.com|3|1|true|2023-09-24|2023-09-24
598|szvergara_5|szvergara_5@gmail.com|3|1|true|2023-09-24|2023-09-24
599|iporellana_7|iporellana_7@gmail.com|3|1|true|2023-09-24|2023-09-24
600|efaraya_77|efaraya_77@gmail.com|3|1|true|2023-09-24|2023-09-24
626|kvmiranda_5|kvmiranda_5@gmail.com|3|1|true|2023-09-24|2023-09-24
627|sanavarro_70|sanavarro_70@gmail.com|3|1|true|2023-09-24|2023-09-24
628|fbmorales_82|fbmorales_82@gmail.com|3|1|true|2023-09-24|2023-09-24
629|irsanhueza_27|irsanhueza_27@gmail.com|3|1|true|2023-09-24|2023-09-24
630|jcaraya_71|jcaraya_71@gmail.com|3|1|true|2023-09-24|2023-09-24
631|kmvera_7|kmvera_7@gmail.com|3|1|true|2023-09-24|2023-09-24
632|eaortiz_74|eaortiz_74@gmail.com|3|1|true|2023-09-24|2023-09-24
633|icjara_25|icjara_25@gmail.com|3|1|true|2023-09-24|2023-09-24
634|edacuna_61|edacuna_61@gmail.com|3|1|true|2023-09-24|2023-09-24
635|ciperez_40|ciperez_40@gmail.com|3|1|true|2023-09-24|2023-09-24
636|rmriquelme_92|rmriquelme_92@gmail.com|3|1|true|2023-09-24|2023-09-24
637|cvrojas_8|cvrojas_8@gmail.com|3|1|true|2023-09-24|2023-09-24
638|optorres_69|optorres_69@gmail.com|3|1|true|2023-09-24|2023-09-24
639|vnacevedo_39|vnacevedo_39@gmail.com|3|1|true|2023-09-24|2023-09-24
640|mzsaez_22|mzsaez_22@gmail.com|3|1|true|2023-09-24|2023-09-24
641|svfernandez_97|svfernandez_97@gmail.com|3|1|true|2023-09-24|2023-09-24
642|kádiaz_26|kádiaz_26@gmail.com|3|1|true|2023-09-24|2023-09-24
643|ntmoreno_21|ntmoreno_21@gmail.com|3|1|true|2023-09-24|2023-09-24
644|jmgutierrez_15|jmgutierrez_15@gmail.com|3|1|true|2023-09-24|2023-09-24
645|cjcontreras_37|cjcontreras_37@gmail.com|3|1|true|2023-09-24|2023-09-24
646|sjcarrasco_13|sjcarrasco_13@gmail.com|3|1|true|2023-09-24|2023-09-24
647|nabustos_92|nabustos_92@gmail.com|3|1|true|2023-09-24|2023-09-24
648|ixortega_77|ixortega_77@gmail.com|3|1|true|2023-09-24|2023-09-24
649|vspino_27|vspino_27@gmail.com|3|1|true|2023-09-24|2023-09-24
650|wvalarcon_30|wvalarcon_30@gmail.com|3|1|true|2023-09-24|2023-09-24
676|mjespinoza_1|mjespinoza_1@gmail.com|3|1|true|2023-09-24|2023-09-24
677|lgtorres_51|lgtorres_51@gmail.com|3|1|true|2023-09-24|2023-09-24
678|cyvera_95|cyvera_95@gmail.com|3|1|true|2023-09-24|2023-09-24
679|alalvarez_87|alalvarez_87@gmail.com|3|1|true|2023-09-24|2023-09-24
680|dnalvarado_17|dnalvarado_17@gmail.com|3|1|true|2023-09-24|2023-09-24
681|sasandoval_53|sasandoval_53@gmail.com|3|1|true|2023-09-24|2023-09-24
682|fjjara_40|fjjara_40@gmail.com|3|1|true|2023-09-24|2023-09-24
683|laaguilera_19|laaguilera_19@gmail.com|3|1|true|2023-09-24|2023-09-24
684|fmtoro_37|fmtoro_37@gmail.com|3|1|true|2023-09-24|2023-09-24
685|lcnavarrete_20|lcnavarrete_20@gmail.com|3|1|true|2023-09-24|2023-09-24
686|sgpena_77|sgpena_77@gmail.com|3|1|true|2023-09-24|2023-09-24
687|difarias_14|difarias_14@gmail.com|3|1|true|2023-09-24|2023-09-24
688|xrgutierrez_41|xrgutierrez_41@gmail.com|3|1|true|2023-09-24|2023-09-24
689|lccortes_60|lccortes_60@gmail.com|3|1|true|2023-09-24|2023-09-24
690|mntorres_24|mntorres_24@gmail.com|3|1|true|2023-09-24|2023-09-24
691|fhramirez_92|fhramirez_92@gmail.com|3|1|true|2023-09-24|2023-09-24
692|pmsandoval_30|pmsandoval_30@gmail.com|3|1|true|2023-09-24|2023-09-24
693|nljimenez_16|nljimenez_16@gmail.com|3|1|true|2023-09-24|2023-09-24
694|asguzman_54|asguzman_54@gmail.com|3|1|true|2023-09-24|2023-09-24
695|mlbustos_32|mlbustos_32@gmail.com|3|1|true|2023-09-24|2023-09-24
696|spleiva_56|spleiva_56@gmail.com|3|1|true|2023-09-24|2023-09-24
697|lgmartinez_96|lgmartinez_96@gmail.com|3|1|true|2023-09-24|2023-09-24
698|elortiz_54|elortiz_54@gmail.com|3|1|true|2023-09-24|2023-09-24
699|atvera_57|atvera_57@gmail.com|3|1|true|2023-09-24|2023-09-24
700|ftvargas_6|ftvargas_6@gmail.com|3|1|true|2023-09-24|2023-09-24
726|dlgutierrez_58|dlgutierrez_58@gmail.com|3|1|true|2023-09-24|2023-09-24
727|kpsalazar_13|kpsalazar_13@gmail.com|3|1|true|2023-09-24|2023-09-24
728|emalvarado_67|emalvarado_67@gmail.com|3|1|true|2023-09-24|2023-09-24
729|nztapia_53|nztapia_53@gmail.com|3|1|true|2023-09-24|2023-09-24
730|cjortiz_3|cjortiz_3@gmail.com|3|1|true|2023-09-24|2023-09-24
731|achenriquez_41|achenriquez_41@gmail.com|3|1|true|2023-09-24|2023-09-24
732|jjmoreno_2|jjmoreno_2@gmail.com|3|1|true|2023-09-24|2023-09-24
733|alfarias_65|alfarias_65@gmail.com|3|1|true|2023-09-24|2023-09-24
734|lmgutierrez_88|lmgutierrez_88@gmail.com|3|1|true|2023-09-24|2023-09-24
735|abespinoza_62|abespinoza_62@gmail.com|3|1|true|2023-09-24|2023-09-24
736|mabravo_35|mabravo_35@gmail.com|3|1|true|2023-09-24|2023-09-24
737|cftorres_39|cftorres_39@gmail.com|3|1|true|2023-09-24|2023-09-24
738|atpino_52|atpino_52@gmail.com|3|1|true|2023-09-24|2023-09-24
739|lxolivares_17|lxolivares_17@gmail.com|3|1|true|2023-09-24|2023-09-24
740|epgonzalez_45|epgonzalez_45@gmail.com|3|1|true|2023-09-24|2023-09-24
741|acfuentes_34|acfuentes_34@gmail.com|3|1|true|2023-09-24|2023-09-24
742|vksalinas_69|vksalinas_69@gmail.com|3|1|true|2023-09-24|2023-09-24
743|cvlopez_66|cvlopez_66@gmail.com|3|1|true|2023-09-24|2023-09-24
744|jebustos_96|jebustos_96@gmail.com|3|1|true|2023-09-24|2023-09-24
745|vtcortes_4|vtcortes_4@gmail.com|3|1|true|2023-09-24|2023-09-24
746|lgfarias_25|lgfarias_25@gmail.com|3|1|true|2023-09-24|2023-09-24
747|rsleiva_97|rsleiva_97@gmail.com|3|1|true|2023-09-24|2023-09-24
748|rrvargas_30|rrvargas_30@gmail.com|3|1|true|2023-09-24|2023-09-24
749|jnpino_96|jnpino_96@gmail.com|3|1|true|2023-09-24|2023-09-24
750|emleiva_96|emleiva_96@gmail.com|3|1|true|2023-09-24|2023-09-24
776|bblagos_11|bblagos_11@gmail.com|3|1|true|2023-09-24|2023-09-24
777|navargas_17|navargas_17@gmail.com|3|1|true|2023-09-24|2023-09-24
778|llgarcia_17|llgarcia_17@gmail.com|3|1|true|2023-09-24|2023-09-24
779|periquelme_42|periquelme_42@gmail.com|3|1|true|2023-09-24|2023-09-24
780|ymortiz_93|ymortiz_93@gmail.com|3|1|true|2023-09-24|2023-09-24
781|jngarrido_24|jngarrido_24@gmail.com|3|1|true|2023-09-24|2023-09-24
782|nvaraya_27|nvaraya_27@gmail.com|3|1|true|2023-09-24|2023-09-24
783|gfvera_58|gfvera_58@gmail.com|3|1|true|2023-09-24|2023-09-24
784|dsreyes_28|dsreyes_28@gmail.com|3|1|true|2023-09-24|2023-09-24
785|mvfernandez_13|mvfernandez_13@gmail.com|3|1|true|2023-09-24|2023-09-24
786|etpizarro_52|etpizarro_52@gmail.com|3|1|true|2023-09-24|2023-09-24
787|macontreras_41|macontreras_41@gmail.com|3|1|true|2023-09-24|2023-09-24
788|mjaguilera_37|mjaguilera_37@gmail.com|3|1|true|2023-09-24|2023-09-24
789|elaguilera_79|elaguilera_79@gmail.com|3|1|true|2023-09-24|2023-09-24
790|xacampos_10|xacampos_10@gmail.com|3|1|true|2023-09-24|2023-09-24
791|avvargas_30|avvargas_30@gmail.com|3|1|true|2023-09-24|2023-09-24
792|aecortes_70|aecortes_70@gmail.com|3|1|true|2023-09-24|2023-09-24
793|xfrojas_29|xfrojas_29@gmail.com|3|1|true|2023-09-24|2023-09-24
794|jgvera_97|jgvera_97@gmail.com|3|1|true|2023-09-24|2023-09-24
795|vdalvarez_27|vdalvarez_27@gmail.com|3|1|true|2023-09-24|2023-09-24
796|nvolivares_51|nvolivares_51@gmail.com|3|1|true|2023-09-24|2023-09-24
797|ircaceres_50|ircaceres_50@gmail.com|3|1|true|2023-09-24|2023-09-24
798|fabustos_9|fabustos_9@gmail.com|3|1|true|2023-09-24|2023-09-24
799|fwaguilera_97|fwaguilera_97@gmail.com|3|1|true|2023-09-24|2023-09-24
800|vsbustamente_61|vsbustamente_61@gmail.com|3|1|true|2023-09-24|2023-09-24
826|zbpalma_7|zbpalma_7@gmail.com|3|1|true|2023-09-24|2023-09-24
827|degodoy_25|degodoy_25@gmail.com|3|1|true|2023-09-24|2023-09-24
828|egfernandez_35|egfernandez_35@gmail.com|3|1|true|2023-09-24|2023-09-24
829|dbrivera_47|dbrivera_47@gmail.com|3|1|true|2023-09-24|2023-09-24
830|btvergara_26|btvergara_26@gmail.com|3|1|true|2023-09-24|2023-09-24
831|maacuna_75|maacuna_75@gmail.com|3|1|true|2023-09-24|2023-09-24
832|wsnunez_72|wsnunez_72@gmail.com|3|1|true|2023-09-24|2023-09-24
833|mnreyes_18|mnreyes_18@gmail.com|3|1|true|2023-09-24|2023-09-24
834|aklagos_16|aklagos_16@gmail.com|3|1|true|2023-09-24|2023-09-24
835|jvescobar_91|jvescobar_91@gmail.com|3|1|true|2023-09-24|2023-09-24
836|lscardenas_32|lscardenas_32@gmail.com|3|1|true|2023-09-24|2023-09-24
837|nccaceres_18|nccaceres_18@gmail.com|3|1|true|2023-09-24|2023-09-24
838|lcvega_26|lcvega_26@gmail.com|3|1|true|2023-09-24|2023-09-24
839|rlvaldes_99|rlvaldes_99@gmail.com|3|1|true|2023-09-24|2023-09-24
840|ckespinoza_54|ckespinoza_54@gmail.com|3|1|true|2023-09-24|2023-09-24
841|bmsoto_64|bmsoto_64@gmail.com|3|1|true|2023-09-24|2023-09-24
842|plaraya_38|plaraya_38@gmail.com|3|1|true|2023-09-24|2023-09-24
843|vmgallardo_63|vmgallardo_63@gmail.com|3|1|true|2023-09-24|2023-09-24
844|bacastro_35|bacastro_35@gmail.com|3|1|true|2023-09-24|2023-09-24
845|crsaez_86|crsaez_86@gmail.com|3|1|true|2023-09-24|2023-09-24
846|gamiranda_98|gamiranda_98@gmail.com|3|1|true|2023-09-24|2023-09-24
847|karodriguez_84|karodriguez_84@gmail.com|3|1|true|2023-09-24|2023-09-24
848|aacardenas_4|aacardenas_4@gmail.com|3|1|true|2023-09-24|2023-09-24
849|nemedina_14|nemedina_14@gmail.com|3|1|true|2023-09-24|2023-09-24
850|mrramirez_3|mrramirez_3@gmail.com|3|1|true|2023-09-24|2023-09-24
876|dxsepulveda_53|dxsepulveda_53@gmail.com|3|1|true|2023-09-24|2023-09-24
877|cfrojas_49|cfrojas_49@gmail.com|3|1|true|2023-09-24|2023-09-24
878|yanavarrete_99|yanavarrete_99@gmail.com|3|1|true|2023-09-24|2023-09-24
879|dpvenegas_63|dpvenegas_63@gmail.com|3|1|true|2023-09-24|2023-09-24
880|rtgallardo_60|rtgallardo_60@gmail.com|3|1|true|2023-09-24|2023-09-24
881|scparra_69|scparra_69@gmail.com|3|1|true|2023-09-24|2023-09-24
882|glbravo_12|glbravo_12@gmail.com|3|1|true|2023-09-24|2023-09-24
883|remoreno_38|remoreno_38@gmail.com|3|1|true|2023-09-24|2023-09-24
884|avpizarro_48|avpizarro_48@gmail.com|3|1|true|2023-09-24|2023-09-24
885|bgguerrero_7|bgguerrero_7@gmail.com|3|1|true|2023-09-24|2023-09-24
886|jlgarrido_88|jlgarrido_88@gmail.com|3|1|true|2023-09-24|2023-09-24
887|lavalenzuela_89|lavalenzuela_89@gmail.com|3|1|true|2023-09-24|2023-09-24
888|azaguilera_65|azaguilera_65@gmail.com|3|1|true|2023-09-24|2023-09-24
889|saruiz_80|saruiz_80@gmail.com|3|1|true|2023-09-24|2023-09-24
890|msfarias_95|msfarias_95@gmail.com|3|1|true|2023-09-24|2023-09-24
891|imherrera_47|imherrera_47@gmail.com|3|1|true|2023-09-24|2023-09-24
892|iimiranda_60|iimiranda_60@gmail.com|3|1|true|2023-09-24|2023-09-24
893|dtperez_10|dtperez_10@gmail.com|3|1|true|2023-09-24|2023-09-24
894|brpoblete_20|brpoblete_20@gmail.com|3|1|true|2023-09-24|2023-09-24
895|ntsanhueza_21|ntsanhueza_21@gmail.com|3|1|true|2023-09-24|2023-09-24
896|cjaguilera_41|cjaguilera_41@gmail.com|3|1|true|2023-09-24|2023-09-24
897|amrivera_59|amrivera_59@gmail.com|3|1|true|2023-09-24|2023-09-24
898|jmsaavedra_10|jmsaavedra_10@gmail.com|3|1|true|2023-09-24|2023-09-24
899|nrruiz_38|nrruiz_38@gmail.com|3|1|true|2023-09-24|2023-09-24
900|pepalma_88|pepalma_88@gmail.com|3|1|true|2023-09-24|2023-09-24
926|mepalma_51|mepalma_51@gmail.com|3|1|true|2023-09-24|2023-09-24
927|sncampos_34|sncampos_34@gmail.com|3|1|true|2023-09-24|2023-09-24
928|mmrivera_63|mmrivera_63@gmail.com|3|1|true|2023-09-24|2023-09-24
929|lsnunez_97|lsnunez_97@gmail.com|3|1|true|2023-09-24|2023-09-24
930|rnsandoval_47|rnsandoval_47@gmail.com|3|1|true|2023-09-24|2023-09-24
931|aagarrido_63|aagarrido_63@gmail.com|3|1|true|2023-09-24|2023-09-24
932|bagarrido_42|bagarrido_42@gmail.com|3|1|true|2023-09-24|2023-09-24
933|tmmaldonado_43|tmmaldonado_43@gmail.com|3|1|true|2023-09-24|2023-09-24
934|vsgonzalez_57|vsgonzalez_57@gmail.com|3|1|true|2023-09-24|2023-09-24
935|nxhenriquez_42|nxhenriquez_42@gmail.com|3|1|true|2023-09-24|2023-09-24
936|oáacevedo_74|oáacevedo_74@gmail.com|3|1|true|2023-09-24|2023-09-24
937|aebustamente_40|aebustamente_40@gmail.com|3|1|true|2023-09-24|2023-09-24
938|lmalvarez_65|lmalvarez_65@gmail.com|3|1|true|2023-09-24|2023-09-24
939|ggflores_2|ggflores_2@gmail.com|3|1|true|2023-09-24|2023-09-24
940|nolopez_66|nolopez_66@gmail.com|3|1|true|2023-09-24|2023-09-24
941|ebacuna_72|ebacuna_72@gmail.com|3|1|true|2023-09-24|2023-09-24
942|gcvega_87|gcvega_87@gmail.com|3|1|true|2023-09-24|2023-09-24
943|lsbustos_28|lsbustos_28@gmail.com|3|1|true|2023-09-24|2023-09-24
944|fiaravena_19|fiaravena_19@gmail.com|3|1|true|2023-09-24|2023-09-24
945|jiruiz_56|jiruiz_56@gmail.com|3|1|true|2023-09-24|2023-09-24
946|vcsanchez_91|vcsanchez_91@gmail.com|3|1|true|2023-09-24|2023-09-24
947|pcvergara_68|pcvergara_68@gmail.com|3|1|true|2023-09-24|2023-09-24
948|jxcaceres_95|jxcaceres_95@gmail.com|3|1|true|2023-09-24|2023-09-24
949|mpsepulveda_61|mpsepulveda_61@gmail.com|3|1|true|2023-09-24|2023-09-24
950|elescobar_59|elescobar_59@gmail.com|3|1|true|2023-09-24|2023-09-24
976|nfsaavedra_41|nfsaavedra_41@gmail.com|3|1|true|2023-09-24|2023-09-24
977|nrrivera_62|nrrivera_62@gmail.com|3|1|true|2023-09-24|2023-09-24
978|cjalvarez_25|cjalvarez_25@gmail.com|3|1|true|2023-09-24|2023-09-24
979|bmjara_41|bmjara_41@gmail.com|3|1|true|2023-09-24|2023-09-24
980|grgonzalez_17|grgonzalez_17@gmail.com|3|1|true|2023-09-24|2023-09-24
981|radonoso_47|radonoso_47@gmail.com|3|1|true|2023-09-24|2023-09-24
982|neruiz_5|neruiz_5@gmail.com|3|1|true|2023-09-24|2023-09-24
983|lgreyes_13|lgreyes_13@gmail.com|3|1|true|2023-09-24|2023-09-24
984|jgsoto_67|jgsoto_67@gmail.com|3|1|true|2023-09-24|2023-09-24
985|nepalma_75|nepalma_75@gmail.com|3|1|true|2023-09-24|2023-09-24
986|casoto_50|casoto_50@gmail.com|3|1|true|2023-09-24|2023-09-24
987|avcarrasco_37|avcarrasco_37@gmail.com|3|1|true|2023-09-24|2023-09-24
988|bjortega_37|bjortega_37@gmail.com|3|1|true|2023-09-24|2023-09-24
989|fjpalma_95|fjpalma_95@gmail.com|3|1|true|2023-09-24|2023-09-24
990|ojcarrasco_71|ojcarrasco_71@gmail.com|3|1|true|2023-09-24|2023-09-24
991|rjmiranda_85|rjmiranda_85@gmail.com|3|1|true|2023-09-24|2023-09-24
992|hrcarrasco_51|hrcarrasco_51@gmail.com|3|1|true|2023-09-24|2023-09-24
993|remorales_72|remorales_72@gmail.com|3|1|true|2023-09-24|2023-09-24
994|laalvarez_17|laalvarez_17@gmail.com|3|1|true|2023-09-24|2023-09-24
995|jrgutierrez_61|jrgutierrez_61@gmail.com|3|1|true|2023-09-24|2023-09-24
996|sevalenzuela_20|sevalenzuela_20@gmail.com|3|1|true|2023-09-24|2023-09-24
997|ssromero_50|ssromero_50@gmail.com|3|1|true|2023-09-24|2023-09-24
998|keromero_16|keromero_16@gmail.com|3|1|true|2023-09-24|2023-09-24
999|fdhenriquez_70|fdhenriquez_70@gmail.com|3|1|true|2023-09-24|2023-09-24
1000|laacevedo_6|laacevedo_6@gmail.com|3|1|true|2023-09-24|2023-09-24
1026|jmleiva_88|jmleiva_88@gmail.com|3|1|true|2023-09-24|2023-09-24
1027|pkvidal_35|pkvidal_35@gmail.com|3|1|true|2023-09-24|2023-09-24
1028|pdgonzalez_38|pdgonzalez_38@gmail.com|3|1|true|2023-09-24|2023-09-24
1029|vzvaldes_18|vzvaldes_18@gmail.com|3|1|true|2023-09-24|2023-09-24
1030|megomez_49|megomez_49@gmail.com|3|1|true|2023-09-24|2023-09-24
1031|xdvidal_62|xdvidal_62@gmail.com|3|1|true|2023-09-24|2023-09-24
1032|awvasquez_35|awvasquez_35@gmail.com|3|1|true|2023-09-24|2023-09-24
1033|ccfernandez_21|ccfernandez_21@gmail.com|3|1|true|2023-09-24|2023-09-24
1034|nportega_71|nportega_71@gmail.com|3|1|true|2023-09-24|2023-09-24
1035|vmsilva_44|vmsilva_44@gmail.com|3|1|true|2023-09-24|2023-09-24
1036|fcaraya_53|fcaraya_53@gmail.com|3|1|true|2023-09-24|2023-09-24
1037|opvidal_40|opvidal_40@gmail.com|3|1|true|2023-09-24|2023-09-24
1038|vzalarcon_47|vzalarcon_47@gmail.com|3|1|true|2023-09-24|2023-09-24
1039|vplopez_90|vplopez_90@gmail.com|3|1|true|2023-09-24|2023-09-24
1040|pcgarrido_61|pcgarrido_61@gmail.com|3|1|true|2023-09-24|2023-09-24
1041|igtoro_70|igtoro_70@gmail.com|3|1|true|2023-09-24|2023-09-24
1042|íarivera_99|íarivera_99@gmail.com|3|1|true|2023-09-24|2023-09-24
1043|sdrodriguez_25|sdrodriguez_25@gmail.com|3|1|true|2023-09-24|2023-09-24
1044|zkaraya_58|zkaraya_58@gmail.com|3|1|true|2023-09-24|2023-09-24
1045|fpacevedo_86|fpacevedo_86@gmail.com|3|1|true|2023-09-24|2023-09-24
1046|aayanez_75|aayanez_75@gmail.com|3|1|true|2023-09-24|2023-09-24
1047|mbsilva_84|mbsilva_84@gmail.com|3|1|true|2023-09-24|2023-09-24
1048|mmvergara_70|mmvergara_70@gmail.com|3|1|true|2023-09-24|2023-09-24
1049|edrojas_82|edrojas_82@gmail.com|3|1|true|2023-09-24|2023-09-24
1050|xkgarrido_93|xkgarrido_93@gmail.com|3|1|true|2023-09-24|2023-09-24
1076|mgmoreno_41|mgmoreno_41@gmail.com|3|1|true|2023-09-24|2023-09-24
1077|mpalvarez_98|mpalvarez_98@gmail.com|3|1|true|2023-09-24|2023-09-24
1078|ljcarvajal_5|ljcarvajal_5@gmail.com|3|1|true|2023-09-24|2023-09-24
1079|avrivera_29|avrivera_29@gmail.com|3|1|true|2023-09-24|2023-09-24
1080|ndsandoval_2|ndsandoval_2@gmail.com|3|1|true|2023-09-24|2023-09-24
1081|mmsalinas_35|mmsalinas_35@gmail.com|3|1|true|2023-09-24|2023-09-24
1082|ásgarcia_26|ásgarcia_26@gmail.com|3|1|true|2023-09-24|2023-09-24
1083|paorellana_80|paorellana_80@gmail.com|3|1|true|2023-09-24|2023-09-24
1084|acguzman_40|acguzman_40@gmail.com|3|1|true|2023-09-24|2023-09-24
1085|ckcarrasco_7|ckcarrasco_7@gmail.com|3|1|true|2023-09-24|2023-09-24
1086|dbnavarro_81|dbnavarro_81@gmail.com|3|1|true|2023-09-24|2023-09-24
1087|clalarcon_52|clalarcon_52@gmail.com|3|1|true|2023-09-24|2023-09-24
1088|epmolina_83|epmolina_83@gmail.com|3|1|true|2023-09-24|2023-09-24
1089|mmaravena_77|mmaravena_77@gmail.com|3|1|true|2023-09-24|2023-09-24
1090|jsbustos_88|jsbustos_88@gmail.com|3|1|true|2023-09-24|2023-09-24
1091|laortega_68|laortega_68@gmail.com|3|1|true|2023-09-24|2023-09-24
1092|pbsandoval_39|pbsandoval_39@gmail.com|3|1|true|2023-09-24|2023-09-24
1093|magarrido_22|magarrido_22@gmail.com|3|1|true|2023-09-24|2023-09-24
1094|mavaldes_80|mavaldes_80@gmail.com|3|1|true|2023-09-24|2023-09-24
1095|mpcastro_47|mpcastro_47@gmail.com|3|1|true|2023-09-24|2023-09-24
1096|kamunoz_32|kamunoz_32@gmail.com|3|1|true|2023-09-24|2023-09-24
1097|scguzman_24|scguzman_24@gmail.com|3|1|true|2023-09-24|2023-09-24
1098|lmzuniga_88|lmzuniga_88@gmail.com|3|1|true|2023-09-24|2023-09-24
1099|iecaceres_72|iecaceres_72@gmail.com|3|1|true|2023-09-24|2023-09-24
1100|farivera_61|farivera_61@gmail.com|3|1|true|2023-09-24|2023-09-24
1126|gngonzalez_98|gngonzalez_98@gmail.com|3|1|true|2023-09-24|2023-09-24
1127|jerodriguez_35|jerodriguez_35@gmail.com|3|1|true|2023-09-24|2023-09-24
1128|djmolina_35|djmolina_35@gmail.com|3|1|true|2023-09-24|2023-09-24
1129|lcdonoso_83|lcdonoso_83@gmail.com|3|1|true|2023-09-24|2023-09-24
1130|nmnavarrete_19|nmnavarrete_19@gmail.com|3|1|true|2023-09-24|2023-09-24
1131|scpizarro_100|scpizarro_100@gmail.com|3|1|true|2023-09-24|2023-09-24
1132|baortiz_58|baortiz_58@gmail.com|3|1|true|2023-09-24|2023-09-24
1133|ssguerrero_76|ssguerrero_76@gmail.com|3|1|true|2023-09-24|2023-09-24
1134|rlalvarado_92|rlalvarado_92@gmail.com|3|1|true|2023-09-24|2023-09-24
1135|eabustos_84|eabustos_84@gmail.com|3|1|true|2023-09-24|2023-09-24
1136|yevasquez_44|yevasquez_44@gmail.com|3|1|true|2023-09-24|2023-09-24
1137|fcalvarez_15|fcalvarez_15@gmail.com|3|1|true|2023-09-24|2023-09-24
1138|kportega_21|kportega_21@gmail.com|3|1|true|2023-09-24|2023-09-24
1139|alvidal_24|alvidal_24@gmail.com|3|1|true|2023-09-24|2023-09-24
1140|kppena_35|kppena_35@gmail.com|3|1|true|2023-09-24|2023-09-24
1141|rvvega_24|rvvega_24@gmail.com|3|1|true|2023-09-24|2023-09-24
1142|lbacevedo_39|lbacevedo_39@gmail.com|3|1|true|2023-09-24|2023-09-24
1143|facardenas_71|facardenas_71@gmail.com|3|1|true|2023-09-24|2023-09-24
1144|mptapia_53|mptapia_53@gmail.com|3|1|true|2023-09-24|2023-09-24
1145|cnvaldes_93|cnvaldes_93@gmail.com|3|1|true|2023-09-24|2023-09-24
1146|frjimenez_13|frjimenez_13@gmail.com|3|1|true|2023-09-24|2023-09-24
1147|vvmoreno_48|vvmoreno_48@gmail.com|3|1|true|2023-09-24|2023-09-24
1148|oiperez_9|oiperez_9@gmail.com|3|1|true|2023-09-24|2023-09-24
1149|avorellana_39|avorellana_39@gmail.com|3|1|true|2023-09-24|2023-09-24
1150|aatapia_84|aatapia_84@gmail.com|3|1|true|2023-09-24|2023-09-24
1176|gvvaldes_15|gvvaldes_15@gmail.com|3|1|true|2023-09-24|2023-09-24
1177|nmflores_94|nmflores_94@gmail.com|3|1|true|2023-09-24|2023-09-24
1178|adpalma_64|adpalma_64@gmail.com|3|1|true|2023-09-24|2023-09-24
1179|gspizarro_7|gspizarro_7@gmail.com|3|1|true|2023-09-24|2023-09-24
1180|xipalma_34|xipalma_34@gmail.com|3|1|true|2023-09-24|2023-09-24
1181|blvargas_96|blvargas_96@gmail.com|3|1|true|2023-09-24|2023-09-24
1182|blgodoy_13|blgodoy_13@gmail.com|3|1|true|2023-09-24|2023-09-24
1183|gmgonzalez_27|gmgonzalez_27@gmail.com|3|1|true|2023-09-24|2023-09-24
1184|imcardenas_8|imcardenas_8@gmail.com|3|1|true|2023-09-24|2023-09-24
1185|ambravo_74|ambravo_74@gmail.com|3|1|true|2023-09-24|2023-09-24
1186|dsorellana_74|dsorellana_74@gmail.com|3|1|true|2023-09-24|2023-09-24
1187|mfsanchez_32|mfsanchez_32@gmail.com|3|1|true|2023-09-24|2023-09-24
1188|plvega_96|plvega_96@gmail.com|3|1|true|2023-09-24|2023-09-24
1189|mogonzalez_27|mogonzalez_27@gmail.com|3|1|true|2023-09-24|2023-09-24
1190|ietapia_28|ietapia_28@gmail.com|3|1|true|2023-09-24|2023-09-24
1191|amjara_32|amjara_32@gmail.com|3|1|true|2023-09-24|2023-09-24
1192|jrparra_21|jrparra_21@gmail.com|3|1|true|2023-09-24|2023-09-24
1193|gspizarro_3|gspizarro_3@gmail.com|3|1|true|2023-09-24|2023-09-24
1194|ncvergara_75|ncvergara_75@gmail.com|3|1|true|2023-09-24|2023-09-24
1195|gngarcia_92|gngarcia_92@gmail.com|3|1|true|2023-09-24|2023-09-24
1196|svmunoz_84|svmunoz_84@gmail.com|3|1|true|2023-09-24|2023-09-24
1197|lamiranda_35|lamiranda_35@gmail.com|3|1|true|2023-09-24|2023-09-24
1198|mkcarrasco_9|mkcarrasco_9@gmail.com|3|1|true|2023-09-24|2023-09-24
1199|bbleiva_94|bbleiva_94@gmail.com|3|1|true|2023-09-24|2023-09-24
1200|gdortega_26|gdortega_26@gmail.com|3|1|true|2023-09-24|2023-09-24
1226|jvgallardo_51|jvgallardo_51@gmail.com|3|1|true|2023-09-24|2023-09-24
1227|gavalenzuela_80|gavalenzuela_80@gmail.com|3|1|true|2023-09-24|2023-09-24
1228|baescobar_34|baescobar_34@gmail.com|3|1|true|2023-09-24|2023-09-24
1229|lecampos_2|lecampos_2@gmail.com|3|1|true|2023-09-24|2023-09-24
1230|ixcarrasco_92|ixcarrasco_92@gmail.com|3|1|true|2023-09-24|2023-09-24
1231|pdzuniga_92|pdzuniga_92@gmail.com|3|1|true|2023-09-24|2023-09-24
1232|bgcortes_49|bgcortes_49@gmail.com|3|1|true|2023-09-24|2023-09-24
1233|mgvalenzuela_81|mgvalenzuela_81@gmail.com|3|1|true|2023-09-24|2023-09-24
1234|layanez_75|layanez_75@gmail.com|3|1|true|2023-09-24|2023-09-24
1235|ekvera_29|ekvera_29@gmail.com|3|1|true|2023-09-24|2023-09-24
1236|jzjimenez_25|jzjimenez_25@gmail.com|3|1|true|2023-09-24|2023-09-24
1237|svvega_61|svvega_61@gmail.com|3|1|true|2023-09-24|2023-09-24
1238|kmlagos_9|kmlagos_9@gmail.com|3|1|true|2023-09-24|2023-09-24
1239|cdaravena_96|cdaravena_96@gmail.com|3|1|true|2023-09-24|2023-09-24
1240|kgmoreno_43|kgmoreno_43@gmail.com|3|1|true|2023-09-24|2023-09-24
1241|adreyes_77|adreyes_77@gmail.com|3|1|true|2023-09-24|2023-09-24
1242|vjpizarro_71|vjpizarro_71@gmail.com|3|1|true|2023-09-24|2023-09-24
1243|ipbravo_30|ipbravo_30@gmail.com|3|1|true|2023-09-24|2023-09-24
1244|iáromero_22|iáromero_22@gmail.com|3|1|true|2023-09-24|2023-09-24
1245|aiespinoza_59|aiespinoza_59@gmail.com|3|1|true|2023-09-24|2023-09-24
1246|rpsalazar_59|rpsalazar_59@gmail.com|3|1|true|2023-09-24|2023-09-24
1247|latapia_13|latapia_13@gmail.com|3|1|true|2023-09-24|2023-09-24
1248|lwcarrasco_4|lwcarrasco_4@gmail.com|3|1|true|2023-09-24|2023-09-24
1249|cfpizarro_59|cfpizarro_59@gmail.com|3|1|true|2023-09-24|2023-09-24
1250|jmlopez_86|jmlopez_86@gmail.com|3|1|true|2023-09-24|2023-09-24