id|username|email|tipousuarioId|temaId|createdAt|updatedAt
51|fbalarcon_86|fbalarcon_86@gmail.com|2|1|2023-09-24|2023-09-24
52|aepino_15|aepino_15@gmail.com|2|1|2023-09-24|2023-09-24
53|pjmoreno_12|pjmoreno_12@gmail.com|2|1|2023-09-24|2023-09-24
54|lmmoreno_100|lmmoreno_100@gmail.com|2|1|2023-09-24|2023-09-24
55|fimunoz_87|fimunoz_87@gmail.com|2|1|2023-09-24|2023-09-24
56|tttorres_74|tttorres_74@gmail.com|2|1|2023-09-24|2023-09-24
57|hcguzman_2|hcguzman_2@gmail.com|2|1|2023-09-24|2023-09-24
58|bjjimenez_1|bjjimenez_1@gmail.com|2|1|2023-09-24|2023-09-24
59|llriquelme_94|llriquelme_94@gmail.com|2|1|2023-09-24|2023-09-24
60|secarrasco_81|secarrasco_81@gmail.com|2|1|2023-09-24|2023-09-24
61|cccastillo_21|cccastillo_21@gmail.com|2|1|2023-09-24|2023-09-24
62|vamiranda_84|vamiranda_84@gmail.com|2|1|2023-09-24|2023-09-24
63|bbcaceres_11|bbcaceres_11@gmail.com|2|1|2023-09-24|2023-09-24
64|mmpalma_65|mmpalma_65@gmail.com|2|1|2023-09-24|2023-09-24
65|átsaez_23|átsaez_23@gmail.com|2|1|2023-09-24|2023-09-24
66|fpvaldes_53|fpvaldes_53@gmail.com|2|1|2023-09-24|2023-09-24
67|niruiz_5|niruiz_5@gmail.com|2|1|2023-09-24|2023-09-24
68|caacevedo_85|caacevedo_85@gmail.com|2|1|2023-09-24|2023-09-24
69|mehernandez_66|mehernandez_66@gmail.com|2|1|2023-09-24|2023-09-24
70|jtrojas_14|jtrojas_14@gmail.com|2|1|2023-09-24|2023-09-24
71|saolivares_5|saolivares_5@gmail.com|2|1|2023-09-24|2023-09-24
72|aaortiz_26|aaortiz_26@gmail.com|2|1|2023-09-24|2023-09-24
73|pmriquelme_56|pmriquelme_56@gmail.com|2|1|2023-09-24|2023-09-24
74|rcmiranda_73|rcmiranda_73@gmail.com|2|1|2023-09-24|2023-09-24
75|picastillo_40|picastillo_40@gmail.com|2|1|2023-09-24|2023-09-24
101|ncgodoy_98|ncgodoy_98@gmail.com|2|1|2023-09-24|2023-09-24
102|smaguilera_26|smaguilera_26@gmail.com|2|1|2023-09-24|2023-09-24
103|vlnavarrete_25|vlnavarrete_25@gmail.com|2|1|2023-09-24|2023-09-24
104|ícrojas_88|ícrojas_88@gmail.com|2|1|2023-09-24|2023-09-24
105|lecarrasco_7|lecarrasco_7@gmail.com|2|1|2023-09-24|2023-09-24
106|bmrojas_56|bmrojas_56@gmail.com|2|1|2023-09-24|2023-09-24
107|lgcastro_2|lgcastro_2@gmail.com|2|1|2023-09-24|2023-09-24
108|lmcarvajal_57|lmcarvajal_57@gmail.com|2|1|2023-09-24|2023-09-24
109|jlguzman_35|jlguzman_35@gmail.com|2|1|2023-09-24|2023-09-24
110|slsalinas_71|slsalinas_71@gmail.com|2|1|2023-09-24|2023-09-24
111|tsbustos_89|tsbustos_89@gmail.com|2|1|2023-09-24|2023-09-24
112|smgallardo_7|smgallardo_7@gmail.com|2|1|2023-09-24|2023-09-24
113|mtgallardo_1|mtgallardo_1@gmail.com|2|1|2023-09-24|2023-09-24
114|mevidal_59|mevidal_59@gmail.com|2|1|2023-09-24|2023-09-24
115|jlvasquez_57|jlvasquez_57@gmail.com|2|1|2023-09-24|2023-09-24
116|ijvargas_76|ijvargas_76@gmail.com|2|1|2023-09-24|2023-09-24
117|rvgonzalez_38|rvgonzalez_38@gmail.com|2|1|2023-09-24|2023-09-24
118|crvergara_98|crvergara_98@gmail.com|2|1|2023-09-24|2023-09-24
119|vxpoblete_11|vxpoblete_11@gmail.com|2|1|2023-09-24|2023-09-24
120|jgfarias_48|jgfarias_48@gmail.com|2|1|2023-09-24|2023-09-24
121|jmorellana_79|jmorellana_79@gmail.com|2|1|2023-09-24|2023-09-24
122|lrvega_26|lrvega_26@gmail.com|2|1|2023-09-24|2023-09-24
123|lrflores_80|lrflores_80@gmail.com|2|1|2023-09-24|2023-09-24
124|cptorres_26|cptorres_26@gmail.com|2|1|2023-09-24|2023-09-24
125|tvgarrido_99|tvgarrido_99@gmail.com|2|1|2023-09-24|2023-09-24
151|fcsandoval_69|fcsandoval_69@gmail.com|2|1|2023-09-24|2023-09-24
152|ytvaldes_27|ytvaldes_27@gmail.com|2|1|2023-09-24|2023-09-24
153|xnpizarro_41|xnpizarro_41@gmail.com|2|1|2023-09-24|2023-09-24
154|emfarias_37|emfarias_37@gmail.com|2|1|2023-09-24|2023-09-24
155|gcmolina_73|gcmolina_73@gmail.com|2|1|2023-09-24|2023-09-24
156|eimolina_29|eimolina_29@gmail.com|2|1|2023-09-24|2023-09-24
157|anortega_39|anortega_39@gmail.com|2|1|2023-09-24|2023-09-24
158|lmtorres_100|lmtorres_100@gmail.com|2|1|2023-09-24|2023-09-24
159|ccgallardo_77|ccgallardo_77@gmail.com|2|1|2023-09-24|2023-09-24
160|dlmorales_46|dlmorales_46@gmail.com|2|1|2023-09-24|2023-09-24
161|acguzman_53|acguzman_53@gmail.com|2|1|2023-09-24|2023-09-24
162|smrivera_22|smrivera_22@gmail.com|2|1|2023-09-24|2023-09-24
163|eamunoz_40|eamunoz_40@gmail.com|2|1|2023-09-24|2023-09-24
164|bonavarro_81|bonavarro_81@gmail.com|2|1|2023-09-24|2023-09-24
165|aapino_44|aapino_44@gmail.com|2|1|2023-09-24|2023-09-24
166|ambustamente_41|ambustamente_41@gmail.com|2|1|2023-09-24|2023-09-24
167|cipena_83|cipena_83@gmail.com|2|1|2023-09-24|2023-09-24
168|cmhernandez_100|cmhernandez_100@gmail.com|2|1|2023-09-24|2023-09-24
169|cssalazar_4|cssalazar_4@gmail.com|2|1|2023-09-24|2023-09-24
170|ivhernandez_51|ivhernandez_51@gmail.com|2|1|2023-09-24|2023-09-24
171|ajflores_66|ajflores_66@gmail.com|2|1|2023-09-24|2023-09-24
172|zecarvajal_50|zecarvajal_50@gmail.com|2|1|2023-09-24|2023-09-24
173|aalopez_23|aalopez_23@gmail.com|2|1|2023-09-24|2023-09-24
174|nmortega_30|nmortega_30@gmail.com|2|1|2023-09-24|2023-09-24
175|oljimenez_11|oljimenez_11@gmail.com|2|1|2023-09-24|2023-09-24
201|smrojas_5|smrojas_5@gmail.com|2|1|2023-09-24|2023-09-24
202|icrojas_3|icrojas_3@gmail.com|2|1|2023-09-24|2023-09-24
203|vatapia_10|vatapia_10@gmail.com|2|1|2023-09-24|2023-09-24
204|prmolina_37|prmolina_37@gmail.com|2|1|2023-09-24|2023-09-24
205|azvenegas_47|azvenegas_47@gmail.com|2|1|2023-09-24|2023-09-24
206|nsjara_35|nsjara_35@gmail.com|2|1|2023-09-24|2023-09-24
207|bcguerrero_30|bcguerrero_30@gmail.com|2|1|2023-09-24|2023-09-24
208|oojara_59|oojara_59@gmail.com|2|1|2023-09-24|2023-09-24
209|ímrivera_51|ímrivera_51@gmail.com|2|1|2023-09-24|2023-09-24
210|lyfarias_17|lyfarias_17@gmail.com|2|1|2023-09-24|2023-09-24
211|zisalazar_30|zisalazar_30@gmail.com|2|1|2023-09-24|2023-09-24
212|rivergara_86|rivergara_86@gmail.com|2|1|2023-09-24|2023-09-24
213|avherrera_88|avherrera_88@gmail.com|2|1|2023-09-24|2023-09-24
214|kjnavarrete_97|kjnavarrete_97@gmail.com|2|1|2023-09-24|2023-09-24
215|cssaez_75|cssaez_75@gmail.com|2|1|2023-09-24|2023-09-24
216|seacevedo_34|seacevedo_34@gmail.com|2|1|2023-09-24|2023-09-24
217|jsbravo_68|jsbravo_68@gmail.com|2|1|2023-09-24|2023-09-24
218|veacevedo_68|veacevedo_68@gmail.com|2|1|2023-09-24|2023-09-24
219|fajimenez_33|fajimenez_33@gmail.com|2|1|2023-09-24|2023-09-24
220|ksfuentes_71|ksfuentes_71@gmail.com|2|1|2023-09-24|2023-09-24
221|ensalinas_36|ensalinas_36@gmail.com|2|1|2023-09-24|2023-09-24
222|mbzuniga_22|mbzuniga_22@gmail.com|2|1|2023-09-24|2023-09-24
223|nrgonzalez_71|nrgonzalez_71@gmail.com|2|1|2023-09-24|2023-09-24
224|mgmorales_57|mgmorales_57@gmail.com|2|1|2023-09-24|2023-09-24
225|dxtorres_53|dxtorres_53@gmail.com|2|1|2023-09-24|2023-09-24
251|rnriquelme_38|rnriquelme_38@gmail.com|2|1|2023-09-24|2023-09-24
252|djgodoy_91|djgodoy_91@gmail.com|2|1|2023-09-24|2023-09-24
253|jdortega_50|jdortega_50@gmail.com|2|1|2023-09-24|2023-09-24
254|xabustamente_30|xabustamente_30@gmail.com|2|1|2023-09-24|2023-09-24
255|apsepulveda_45|apsepulveda_45@gmail.com|2|1|2023-09-24|2023-09-24
256|laleiva_56|laleiva_56@gmail.com|2|1|2023-09-24|2023-09-24
257|lofernandez_56|lofernandez_56@gmail.com|2|1|2023-09-24|2023-09-24
258|jbgarrido_47|jbgarrido_47@gmail.com|2|1|2023-09-24|2023-09-24
259|mbbustamente_48|mbbustamente_48@gmail.com|2|1|2023-09-24|2023-09-24
260|jiaraya_86|jiaraya_86@gmail.com|2|1|2023-09-24|2023-09-24
261|xsrivera_43|xsrivera_43@gmail.com|2|1|2023-09-24|2023-09-24
262|nsflores_96|nsflores_96@gmail.com|2|1|2023-09-24|2023-09-24
263|eemoreno_95|eemoreno_95@gmail.com|2|1|2023-09-24|2023-09-24
264|smfarias_89|smfarias_89@gmail.com|2|1|2023-09-24|2023-09-24  
265|lsfuentes_89|lsfuentes_89@gmail.com|2|1|2023-09-24|2023-09-24
266|bksaavedra_86|bksaavedra_86@gmail.com|2|1|2023-09-24|2023-09-24
267|mnaraya_3|mnaraya_3@gmail.com|2|1|2023-09-24|2023-09-24
268|mgsalinas_34|mgsalinas_34@gmail.com|2|1|2023-09-24|2023-09-24
269|rtcarvajal_92|rtcarvajal_92@gmail.com|2|1|2023-09-24|2023-09-24
270|laherrera_26|laherrera_26@gmail.com|2|1|2023-09-24|2023-09-24
271|mgleiva_39|mgleiva_39@gmail.com|2|1|2023-09-24|2023-09-24
272|cptapia_61|cptapia_61@gmail.com|2|1|2023-09-24|2023-09-24
273|sbmunoz_44|sbmunoz_44@gmail.com|2|1|2023-09-24|2023-09-24
274|ascampos_49|ascampos_49@gmail.com|2|1|2023-09-24|2023-09-24
275|bocaceres_82|bocaceres_82@gmail.com|2|1|2023-09-24|2023-09-24
301|bbpino_42|bbpino_42@gmail.com|2|1|2023-09-24|2023-09-24
302|cnsilva_19|cnsilva_19@gmail.com|2|1|2023-09-24|2023-09-24
303|ddrodriguez_93|ddrodriguez_93@gmail.com|2|1|2023-09-24|2023-09-24
304|dvleiva_58|dvleiva_58@gmail.com|2|1|2023-09-24|2023-09-24
305|rpalvarado_67|rpalvarado_67@gmail.com|2|1|2023-09-24|2023-09-24
306|acmartinez_50|acmartinez_50@gmail.com|2|1|2023-09-24|2023-09-24
307|cybravo_38|cybravo_38@gmail.com|2|1|2023-09-24|2023-09-24
308|jfriquelme_63|jfriquelme_63@gmail.com|2|1|2023-09-24|2023-09-24
309|gialvarado_98|gialvarado_98@gmail.com|2|1|2023-09-24|2023-09-24
310|alortiz_85|alortiz_85@gmail.com|2|1|2023-09-24|2023-09-24
311|jbzuniga_35|jbzuniga_35@gmail.com|2|1|2023-09-24|2023-09-24
312|jdalarcon_33|jdalarcon_33@gmail.com|2|1|2023-09-24|2023-09-24
313|ansaavedra_70|ansaavedra_70@gmail.com|2|1|2023-09-24|2023-09-24
314|skyanez_97|skyanez_97@gmail.com|2|1|2023-09-24|2023-09-24
315|mjfuentes_87|mjfuentes_87@gmail.com|2|1|2023-09-24|2023-09-24
316|tbortiz_76|tbortiz_76@gmail.com|2|1|2023-09-24|2023-09-24
317|bjcarrasco_42|bjcarrasco_42@gmail.com|2|1|2023-09-24|2023-09-24
318|kileiva_43|kileiva_43@gmail.com|2|1|2023-09-24|2023-09-24
319|dfgutierrez_35|dfgutierrez_35@gmail.com|2|1|2023-09-24|2023-09-24
320|mlruiz_19|mlruiz_19@gmail.com|2|1|2023-09-24|2023-09-24
321|cncardenas_41|cncardenas_41@gmail.com|2|1|2023-09-24|2023-09-24
322|ipbravo_66|ipbravo_66@gmail.com|2|1|2023-09-24|2023-09-24
323|xkolivares_43|xkolivares_43@gmail.com|2|1|2023-09-24|2023-09-24
324|fsaguilera_46|fsaguilera_46@gmail.com|2|1|2023-09-24|2023-09-24
325|ooalvarez_22|ooalvarez_22@gmail.com|2|1|2023-09-24|2023-09-24
351|avcarrasco_93|avcarrasco_93@gmail.com|2|1|2023-09-24|2023-09-24
352|hrrivera_56|hrrivera_56@gmail.com|2|1|2023-09-24|2023-09-24
353|ylsalinas_46|ylsalinas_46@gmail.com|2|1|2023-09-24|2023-09-24
354|sgdiaz_21|sgdiaz_21@gmail.com|2|1|2023-09-24|2023-09-24
355|jplopez_87|jplopez_87@gmail.com|2|1|2023-09-24|2023-09-24
356|mjmaldonado_55|mjmaldonado_55@gmail.com|2|1|2023-09-24|2023-09-24
357|ijguerrero_98|ijguerrero_98@gmail.com|2|1|2023-09-24|2023-09-24
358|ijcardenas_6|ijcardenas_6@gmail.com|2|1|2023-09-24|2023-09-24
359|jmcaceres_47|jmcaceres_47@gmail.com|2|1|2023-09-24|2023-09-24
360|vamolina_57|vamolina_57@gmail.com|2|1|2023-09-24|2023-09-24
361|rjnavarrete_39|rjnavarrete_39@gmail.com|2|1|2023-09-24|2023-09-24
362|kbguzman_6|kbguzman_6@gmail.com|2|1|2023-09-24|2023-09-24
363|dasalinas_77|dasalinas_77@gmail.com|2|1|2023-09-24|2023-09-24
364|rivenegas_59|rivenegas_59@gmail.com|2|1|2023-09-24|2023-09-24
365|icsanchez_79|icsanchez_79@gmail.com|2|1|2023-09-24|2023-09-24
366|fasanchez_40|fasanchez_40@gmail.com|2|1|2023-09-24|2023-09-24
367|aabustos_100|aabustos_100@gmail.com|2|1|2023-09-24|2023-09-24
368|nmcarrasco_17|nmcarrasco_17@gmail.com|2|1|2023-09-24|2023-09-24
369|pggonzalez_80|pggonzalez_80@gmail.com|2|1|2023-09-24|2023-09-24
370|aehenriquez_95|aehenriquez_95@gmail.com|2|1|2023-09-24|2023-09-24
371|adacuna_27|adacuna_27@gmail.com|2|1|2023-09-24|2023-09-24
372|svsaez_15|svsaez_15@gmail.com|2|1|2023-09-24|2023-09-24
373|gbtorres_50|gbtorres_50@gmail.com|2|1|2023-09-24|2023-09-24
374|psnavarrete_93|psnavarrete_93@gmail.com|2|1|2023-09-24|2023-09-24
375|covega_41|covega_41@gmail.com|2|1|2023-09-24|2023-09-24
401|otpena_14|otpena_14@gmail.com|2|1|2023-09-24|2023-09-24
402|bmrojas_95|bmrojas_95@gmail.com|2|1|2023-09-24|2023-09-24
403|cycampos_42|cycampos_42@gmail.com|2|1|2023-09-24|2023-09-24
404|jacontreras_46|jacontreras_46@gmail.com|2|1|2023-09-24|2023-09-24
405|pavidal_93|pavidal_93@gmail.com|2|1|2023-09-24|2023-09-24
406|ijgomez_51|ijgomez_51@gmail.com|2|1|2023-09-24|2023-09-24
407|tjgomez_63|tjgomez_63@gmail.com|2|1|2023-09-24|2023-09-24
408|jígarrido_88|jígarrido_88@gmail.com|2|1|2023-09-24|2023-09-24
409|kevargas_57|kevargas_57@gmail.com|2|1|2023-09-24|2023-09-24
410|dbgutierrez_2|dbgutierrez_2@gmail.com|2|1|2023-09-24|2023-09-24
411|jmhenriquez_44|jmhenriquez_44@gmail.com|2|1|2023-09-24|2023-09-24
412|dícaceres_73|dícaceres_73@gmail.com|2|1|2023-09-24|2023-09-24
413|nrdiaz_5|nrdiaz_5@gmail.com|2|1|2023-09-24|2023-09-24
414|zigarcia_43|zigarcia_43@gmail.com|2|1|2023-09-24|2023-09-24
415|dmsaez_57|dmsaez_57@gmail.com|2|1|2023-09-24|2023-09-24
416|amcontreras_30|amcontreras_30@gmail.com|2|1|2023-09-24|2023-09-24
417|pemolina_14|pemolina_14@gmail.com|2|1|2023-09-24|2023-09-24
418|hrortega_23|hrortega_23@gmail.com|2|1|2023-09-24|2023-09-24
419|ndvargas_86|ndvargas_86@gmail.com|2|1|2023-09-24|2023-09-24
420|ndflores_62|ndflores_62@gmail.com|2|1|2023-09-24|2023-09-24
421|mlcarrasco_27|mlcarrasco_27@gmail.com|2|1|2023-09-24|2023-09-24
422|grsandoval_17|grsandoval_17@gmail.com|2|1|2023-09-24|2023-09-24
423|zkaguilera_21|zkaguilera_21@gmail.com|2|1|2023-09-24|2023-09-24
424|afriquelme_50|afriquelme_50@gmail.com|2|1|2023-09-24|2023-09-24
425|rlmoreno_17|rlmoreno_17@gmail.com|2|1|2023-09-24|2023-09-24
451|nmacuna_39|nmacuna_39@gmail.com|2|1|2023-09-24|2023-09-24
452|nkmoreno_63|nkmoreno_63@gmail.com|2|1|2023-09-24|2023-09-24
453|gzrojas_44|gzrojas_44@gmail.com|2|1|2023-09-24|2023-09-24
454|eccarrasco_29|eccarrasco_29@gmail.com|2|1|2023-09-24|2023-09-24
455|vavergara_96|vavergara_96@gmail.com|2|1|2023-09-24|2023-09-24
456|essalinas_15|essalinas_15@gmail.com|2|1|2023-09-24|2023-09-24
457|bsparra_29|bsparra_29@gmail.com|2|1|2023-09-24|2023-09-24
458|aamiranda_23|aamiranda_23@gmail.com|2|1|2023-09-24|2023-09-24
459|cpromero_96|cpromero_96@gmail.com|2|1|2023-09-24|2023-09-24
460|mjleiva_23|mjleiva_23@gmail.com|2|1|2023-09-24|2023-09-24
461|gjmartinez_32|gjmartinez_32@gmail.com|2|1|2023-09-24|2023-09-24
462|enruiz_83|enruiz_83@gmail.com|2|1|2023-09-24|2023-09-24
463|lfnavarrete_86|lfnavarrete_86@gmail.com|2|1|2023-09-24|2023-09-24
464|kvaraya_12|kvaraya_12@gmail.com|2|1|2023-09-24|2023-09-24
465|aenavarro_5|aenavarro_5@gmail.com|2|1|2023-09-24|2023-09-24
466|crfarias_62|crfarias_62@gmail.com|2|1|2023-09-24|2023-09-24
467|abacevedo_9|abacevedo_9@gmail.com|2|1|2023-09-24|2023-09-24
468|sigodoy_13|sigodoy_13@gmail.com|2|1|2023-09-24|2023-09-24
469|ypguerrero_83|ypguerrero_83@gmail.com|2|1|2023-09-24|2023-09-24
470|vkvasquez_99|vkvasquez_99@gmail.com|2|1|2023-09-24|2023-09-24
471|jpsilva_19|jpsilva_19@gmail.com|2|1|2023-09-24|2023-09-24
472|fesoto_73|fesoto_73@gmail.com|2|1|2023-09-24|2023-09-24
473|mcgallardo_9|mcgallardo_9@gmail.com|2|1|2023-09-24|2023-09-24
474|mezuniga_97|mezuniga_97@gmail.com|2|1|2023-09-24|2023-09-24
475|zccarrasco_45|zccarrasco_45@gmail.com|2|1|2023-09-24|2023-09-24
501|ibmaldonado_65|ibmaldonado_65@gmail.com|2|1|2023-09-24|2023-09-24
502|argallardo_17|argallardo_17@gmail.com|2|1|2023-09-24|2023-09-24
503|otparra_93|otparra_93@gmail.com|2|1|2023-09-24|2023-09-24
504|envenegas_5|envenegas_5@gmail.com|2|1|2023-09-24|2023-09-24
505|sxmiranda_19|sxmiranda_19@gmail.com|2|1|2023-09-24|2023-09-24
506|atcontreras_32|atcontreras_32@gmail.com|2|1|2023-09-24|2023-09-24
507|rjsalinas_59|rjsalinas_59@gmail.com|2|1|2023-09-24|2023-09-24
508|ctdonoso_23|ctdonoso_23@gmail.com|2|1|2023-09-24|2023-09-24
509|smsilva_44|smsilva_44@gmail.com|2|1|2023-09-24|2023-09-24
510|mnfernandez_35|mnfernandez_35@gmail.com|2|1|2023-09-24|2023-09-24
511|cvbustos_57|cvbustos_57@gmail.com|2|1|2023-09-24|2023-09-24
512|lcmorales_15|lcmorales_15@gmail.com|2|1|2023-09-24|2023-09-24
513|iámiranda_88|iámiranda_88@gmail.com|2|1|2023-09-24|2023-09-24
514|clvaldes_90|clvaldes_90@gmail.com|2|1|2023-09-24|2023-09-24
515|dcperez_47|dcperez_47@gmail.com|2|1|2023-09-24|2023-09-24
516|íggodoy_6|íggodoy_6@gmail.com|2|1|2023-09-24|2023-09-24
517|movera_95|movera_95@gmail.com|2|1|2023-09-24|2023-09-24
518|bafuentes_98|bafuentes_98@gmail.com|2|1|2023-09-24|2023-09-24
519|vzalvarado_73|vzalvarado_73@gmail.com|2|1|2023-09-24|2023-09-24
520|dscampos_6|dscampos_6@gmail.com|2|1|2023-09-24|2023-09-24
521|apvergara_14|apvergara_14@gmail.com|2|1|2023-09-24|2023-09-24
522|yyalarcon_34|yyalarcon_34@gmail.com|2|1|2023-09-24|2023-09-24
523|rnsandoval_81|rnsandoval_81@gmail.com|2|1|2023-09-24|2023-09-24
524|gmnunez_57|gmnunez_57@gmail.com|2|1|2023-09-24|2023-09-24
525|hlespinoza_31|hlespinoza_31@gmail.com|2|1|2023-09-24|2023-09-24
551|slcortes_45|slcortes_45@gmail.com|2|1|2023-09-24|2023-09-24
552|aporellana_21|aporellana_21@gmail.com|2|1|2023-09-24|2023-09-24
553|javidal_73|javidal_73@gmail.com|2|1|2023-09-24|2023-09-24
554|jmvidal_12|jmvidal_12@gmail.com|2|1|2023-09-24|2023-09-24
555|vejimenez_4|vejimenez_4@gmail.com|2|1|2023-09-24|2023-09-24
556|ttsanchez_37|ttsanchez_37@gmail.com|2|1|2023-09-24|2023-09-24
557|ncpizarro_94|ncpizarro_94@gmail.com|2|1|2023-09-24|2023-09-24
558|acguerrero_78|acguerrero_78@gmail.com|2|1|2023-09-24|2023-09-24
559|aapena_1|aapena_1@gmail.com|2|1|2023-09-24|2023-09-24
560|jlmaldonado_17|jlmaldonado_17@gmail.com|2|1|2023-09-24|2023-09-24
561|jbmorales_10|jbmorales_10@gmail.com|2|1|2023-09-24|2023-09-24
562|merivera_30|merivera_30@gmail.com|2|1|2023-09-24|2023-09-24
563|vkrodriguez_99|vkrodriguez_99@gmail.com|2|1|2023-09-24|2023-09-24
564|oggomez_70|oggomez_70@gmail.com|2|1|2023-09-24|2023-09-24
565|ecramirez_45|ecramirez_45@gmail.com|2|1|2023-09-24|2023-09-24
566|jdpena_9|jdpena_9@gmail.com|2|1|2023-09-24|2023-09-24
567|rbpoblete_47|rbpoblete_47@gmail.com|2|1|2023-09-24|2023-09-24
568|lamedina_37|lamedina_37@gmail.com|2|1|2023-09-24|2023-09-24
569|ramiranda_47|ramiranda_47@gmail.com|2|1|2023-09-24|2023-09-24
570|cjgarcia_75|cjgarcia_75@gmail.com|2|1|2023-09-24|2023-09-24
571|emaravena_41|emaravena_41@gmail.com|2|1|2023-09-24|2023-09-24
572|maortiz_46|maortiz_46@gmail.com|2|1|2023-09-24|2023-09-24
573|ccgarrido_31|ccgarrido_31@gmail.com|2|1|2023-09-24|2023-09-24
574|ívorellana_95|ívorellana_95@gmail.com|2|1|2023-09-24|2023-09-24
575|kaaraya_40|kaaraya_40@gmail.com|2|1|2023-09-24|2023-09-24
601|mihernandez_53|mihernandez_53@gmail.com|2|1|2023-09-24|2023-09-24
602|jcvergara_47|jcvergara_47@gmail.com|2|1|2023-09-24|2023-09-24
603|jemorales_73|jemorales_73@gmail.com|2|1|2023-09-24|2023-09-24
604|ctsanhueza_88|ctsanhueza_88@gmail.com|2|1|2023-09-24|2023-09-24
605|dmaraya_91|dmaraya_91@gmail.com|2|1|2023-09-24|2023-09-24
606|trcontreras_93|trcontreras_93@gmail.com|2|1|2023-09-24|2023-09-24
607|ejvera_15|ejvera_15@gmail.com|2|1|2023-09-24|2023-09-24
608|lsjara_19|lsjara_19@gmail.com|2|1|2023-09-24|2023-09-24
609|mjacuna_77|mjacuna_77@gmail.com|2|1|2023-09-24|2023-09-24
610|ceperez_47|ceperez_47@gmail.com|2|1|2023-09-24|2023-09-24
611|mnriquelme_53|mnriquelme_53@gmail.com|2|1|2023-09-24|2023-09-24
612|zfsaez_58|zfsaez_58@gmail.com|2|1|2023-09-24|2023-09-24
613|nfortega_73|nfortega_73@gmail.com|2|1|2023-09-24|2023-09-24
614|ddortiz_51|ddortiz_51@gmail.com|2|1|2023-09-24|2023-09-24
615|misaez_68|misaez_68@gmail.com|2|1|2023-09-24|2023-09-24
616|plgarrido_42|plgarrido_42@gmail.com|2|1|2023-09-24|2023-09-24
617|gldiaz_41|gldiaz_41@gmail.com|2|1|2023-09-24|2023-09-24
618|damoreno_50|damoreno_50@gmail.com|2|1|2023-09-24|2023-09-24
619|sscastillo_63|sscastillo_63@gmail.com|2|1|2023-09-24|2023-09-24
620|vecontreras_51|vecontreras_51@gmail.com|2|1|2023-09-24|2023-09-24
621|mzguzman_9|mzguzman_9@gmail.com|2|1|2023-09-24|2023-09-24
622|sjvidal_31|sjvidal_31@gmail.com|2|1|2023-09-24|2023-09-24
623|ajortega_99|ajortega_99@gmail.com|2|1|2023-09-24|2023-09-24
624|mmsaez_100|mmsaez_100@gmail.com|2|1|2023-09-24|2023-09-24
625|zmalarcon_82|zmalarcon_82@gmail.com|2|1|2023-09-24|2023-09-24
651|áfmedina_7|áfmedina_7@gmail.com|2|1|2023-09-24|2023-09-24
652|pltorres_94|pltorres_94@gmail.com|2|1|2023-09-24|2023-09-24
653|dagonzalez_90|dagonzalez_90@gmail.com|2|1|2023-09-24|2023-09-24
654|dmvera_10|dmvera_10@gmail.com|2|1|2023-09-24|2023-09-24
655|ddalvarado_39|ddalvarado_39@gmail.com|2|1|2023-09-24|2023-09-24
656|majara_29|majara_29@gmail.com|2|1|2023-09-24|2023-09-24
657|ipjara_23|ipjara_23@gmail.com|2|1|2023-09-24|2023-09-24
658|ecaguilera_43|ecaguilera_43@gmail.com|2|1|2023-09-24|2023-09-24
659|catoro_7|catoro_7@gmail.com|2|1|2023-09-24|2023-09-24
660|ganavarrete_19|ganavarrete_19@gmail.com|2|1|2023-09-24|2023-09-24
661|aápena_22|aápena_22@gmail.com|2|1|2023-09-24|2023-09-24
662|ncfarias_83|ncfarias_83@gmail.com|2|1|2023-09-24|2023-09-24
663|cjgutierrez_37|cjgutierrez_37@gmail.com|2|1|2023-09-24|2023-09-24
664|vrcortes_25|vrcortes_25@gmail.com|2|1|2023-09-24|2023-09-24
665|lssepulveda_45|lssepulveda_45@gmail.com|2|1|2023-09-24|2023-09-24
666|alramirez_18|alramirez_18@gmail.com|2|1|2023-09-24|2023-09-24
667|soalvarado_13|soalvarado_13@gmail.com|2|1|2023-09-24|2023-09-24
668|amalarcon_7|amalarcon_7@gmail.com|2|1|2023-09-24|2023-09-24
669|cscaceres_23|cscaceres_23@gmail.com|2|1|2023-09-24|2023-09-24
670|aysanchez_77|aysanchez_77@gmail.com|2|1|2023-09-24|2023-09-24
671|drparra_50|drparra_50@gmail.com|2|1|2023-09-24|2023-09-24
672|pdmiranda_74|pdmiranda_74@gmail.com|2|1|2023-09-24|2023-09-24
673|yvortiz_94|yvortiz_94@gmail.com|2|1|2023-09-24|2023-09-24
674|ccvera_20|ccvera_20@gmail.com|2|1|2023-09-24|2023-09-24
675|llvargas_94|llvargas_94@gmail.com|2|1|2023-09-24|2023-09-24
701|mngutierrez_5|mngutierrez_5@gmail.com|2|1|2023-09-24|2023-09-24
702|brbustamente_69|brbustamente_69@gmail.com|2|1|2023-09-24|2023-09-24
703|boalvarado_91|boalvarado_91@gmail.com|2|1|2023-09-24|2023-09-24
704|dfsilva_88|dfsilva_88@gmail.com|2|1|2023-09-24|2023-09-24
705|rpacuna_22|rpacuna_22@gmail.com|2|1|2023-09-24|2023-09-24
706|jglagos_29|jglagos_29@gmail.com|2|1|2023-09-24|2023-09-24
707|aavidal_61|aavidal_61@gmail.com|2|1|2023-09-24|2023-09-24
708|íovidal_17|íovidal_17@gmail.com|2|1|2023-09-24|2023-09-24
709|aiaraya_22|aiaraya_22@gmail.com|2|1|2023-09-24|2023-09-24
710|cvmartinez_79|cvmartinez_79@gmail.com|2|1|2023-09-24|2023-09-24
711|scorellana_42|scorellana_42@gmail.com|2|1|2023-09-24|2023-09-24
712|dfsalinas_71|dfsalinas_71@gmail.com|2|1|2023-09-24|2023-09-24
713|srmorales_53|srmorales_53@gmail.com|2|1|2023-09-24|2023-09-24
714|ptolivares_54|ptolivares_54@gmail.com|2|1|2023-09-24|2023-09-24
715|laramirez_23|laramirez_23@gmail.com|2|1|2023-09-24|2023-09-24
716|jcbustamente_79|jcbustamente_79@gmail.com|2|1|2023-09-24|2023-09-24
717|assalinas_33|assalinas_33@gmail.com|2|1|2023-09-24|2023-09-24
718|njmedina_41|njmedina_41@gmail.com|2|1|2023-09-24|2023-09-24
719|prbustos_42|prbustos_42@gmail.com|2|1|2023-09-24|2023-09-24
720|eacortes_15|eacortes_15@gmail.com|2|1|2023-09-24|2023-09-24
721|bbpizarro_6|bbpizarro_6@gmail.com|2|1|2023-09-24|2023-09-24
722|tgcastro_43|tgcastro_43@gmail.com|2|1|2023-09-24|2023-09-24
723|bivargas_20|bivargas_20@gmail.com|2|1|2023-09-24|2023-09-24
724|jvpalma_55|jvpalma_55@gmail.com|2|1|2023-09-24|2023-09-24
725|eohenriquez_53|eohenriquez_53@gmail.com|2|1|2023-09-24|2023-09-24
751|rvlagos_24|rvlagos_24@gmail.com|2|1|2023-09-24|2023-09-24
752|mlespinoza_21|mlespinoza_21@gmail.com|2|1|2023-09-24|2023-09-24
753|jprodriguez_49|jprodriguez_49@gmail.com|2|1|2023-09-24|2023-09-24
754|periquelme_13|periquelme_13@gmail.com|2|1|2023-09-24|2023-09-24
755|erbravo_16|erbravo_16@gmail.com|2|1|2023-09-24|2023-09-24
756|nkcampos_10|nkcampos_10@gmail.com|2|1|2023-09-24|2023-09-24
757|ájaraya_60|ájaraya_60@gmail.com|2|1|2023-09-24|2023-09-24
758|aevera_59|aevera_59@gmail.com|2|1|2023-09-24|2023-09-24
759|kmruiz_90|kmruiz_90@gmail.com|2|1|2023-09-24|2023-09-24
760|fmalarcon_15|fmalarcon_15@gmail.com|2|1|2023-09-24|2023-09-24
761|cdflores_8|cdflores_8@gmail.com|2|1|2023-09-24|2023-09-24
762|ejtoro_39|ejtoro_39@gmail.com|2|1|2023-09-24|2023-09-24
763|iiaguilera_5|iiaguilera_5@gmail.com|2|1|2023-09-24|2023-09-24
764|rgvasquez_24|rgvasquez_24@gmail.com|2|1|2023-09-24|2023-09-24
765|ljcampos_29|ljcampos_29@gmail.com|2|1|2023-09-24|2023-09-24
766|xmcortes_2|xmcortes_2@gmail.com|2|1|2023-09-24|2023-09-24
767|nácortes_66|nácortes_66@gmail.com|2|1|2023-09-24|2023-09-24
768|darojas_47|darojas_47@gmail.com|2|1|2023-09-24|2023-09-24
769|gbvera_34|gbvera_34@gmail.com|2|1|2023-09-24|2023-09-24
770|memunoz_94|memunoz_94@gmail.com|2|1|2023-09-24|2023-09-24
771|ágguzman_97|ágguzman_97@gmail.com|2|1|2023-09-24|2023-09-24
772|ofcaceres_60|ofcaceres_60@gmail.com|2|1|2023-09-24|2023-09-24
773|imvalenzuela_35|imvalenzuela_35@gmail.com|2|1|2023-09-24|2023-09-24
774|cbaguilera_29|cbaguilera_29@gmail.com|2|1|2023-09-24|2023-09-24
775|isleiva_71|isleiva_71@gmail.com|2|1|2023-09-24|2023-09-24
801|ecvalenzuela_45|ecvalenzuela_45@gmail.com|2|1|2023-09-24|2023-09-24
802|deacevedo_45|deacevedo_45@gmail.com|2|1|2023-09-24|2023-09-24
803|flfernandez_52|flfernandez_52@gmail.com|2|1|2023-09-24|2023-09-24
804|jtmolina_68|jtmolina_68@gmail.com|2|1|2023-09-24|2023-09-24
805|eovergara_39|eovergara_39@gmail.com|2|1|2023-09-24|2023-09-24
806|erguzman_76|erguzman_76@gmail.com|2|1|2023-09-24|2023-09-24
807|mjnunez_9|mjnunez_9@gmail.com|2|1|2023-09-24|2023-09-24
808|cgreyes_52|cgreyes_52@gmail.com|2|1|2023-09-24|2023-09-24
809|vggomez_78|vggomez_78@gmail.com|2|1|2023-09-24|2023-09-24
810|mbescobar_60|mbescobar_60@gmail.com|2|1|2023-09-24|2023-09-24
811|djmunoz_3|djmunoz_3@gmail.com|2|1|2023-09-24|2023-09-24
812|lrcaceres_26|lrcaceres_26@gmail.com|2|1|2023-09-24|2023-09-24
813|fkvega_23|fkvega_23@gmail.com|2|1|2023-09-24|2023-09-24
814|rjyanez_73|rjyanez_73@gmail.com|2|1|2023-09-24|2023-09-24
815|gcsanhueza_5|gcsanhueza_5@gmail.com|2|1|2023-09-24|2023-09-24
816|emsoto_100|emsoto_100@gmail.com|2|1|2023-09-24|2023-09-24
817|bapalma_5|bapalma_5@gmail.com|2|1|2023-09-24|2023-09-24
818|rdolivares_28|rdolivares_28@gmail.com|2|1|2023-09-24|2023-09-24
819|kzrojas_44|kzrojas_44@gmail.com|2|1|2023-09-24|2023-09-24
820|gesoto_53|gesoto_53@gmail.com|2|1|2023-09-24|2023-09-24
821|gimiranda_42|gimiranda_42@gmail.com|2|1|2023-09-24|2023-09-24
822|gxvega_92|gxvega_92@gmail.com|2|1|2023-09-24|2023-09-24
823|xgcampos_52|xgcampos_52@gmail.com|2|1|2023-09-24|2023-09-24
824|ádmedina_7|ádmedina_7@gmail.com|2|1|2023-09-24|2023-09-24
825|vkhenriquez_12|vkhenriquez_12@gmail.com|2|1|2023-09-24|2023-09-24
851|casepulveda_31|casepulveda_31@gmail.com|2|1|2023-09-24|2023-09-24
852|bgbravo_16|bgbravo_16@gmail.com|2|1|2023-09-24|2023-09-24
853|povidal_5|povidal_5@gmail.com|2|1|2023-09-24|2023-09-24
854|lcvenegas_72|lcvenegas_72@gmail.com|2|1|2023-09-24|2023-09-24
855|argallardo_31|argallardo_31@gmail.com|2|1|2023-09-24|2023-09-24
856|njhenriquez_75|njhenriquez_75@gmail.com|2|1|2023-09-24|2023-09-24
857|lrbravo_49|lrbravo_49@gmail.com|2|1|2023-09-24|2023-09-24
858|mamoreno_44|mamoreno_44@gmail.com|2|1|2023-09-24|2023-09-24
859|jlolivares_96|jlolivares_96@gmail.com|2|1|2023-09-24|2023-09-24
860|toguerrero_41|toguerrero_41@gmail.com|2|1|2023-09-24|2023-09-24
861|dcsepulveda_36|dcsepulveda_36@gmail.com|2|1|2023-09-24|2023-09-24
862|bjrodriguez_39|bjrodriguez_39@gmail.com|2|1|2023-09-24|2023-09-24
863|jlcardenas_38|jlcardenas_38@gmail.com|2|1|2023-09-24|2023-09-24
864|lesepulveda_87|lesepulveda_87@gmail.com|2|1|2023-09-24|2023-09-24
865|pncardenas_79|pncardenas_79@gmail.com|2|1|2023-09-24|2023-09-24
866|bsherrera_25|bsherrera_25@gmail.com|2|1|2023-09-24|2023-09-24
867|aimiranda_77|aimiranda_77@gmail.com|2|1|2023-09-24|2023-09-24
868|aeperez_99|aeperez_99@gmail.com|2|1|2023-09-24|2023-09-24
869|topoblete_99|topoblete_99@gmail.com|2|1|2023-09-24|2023-09-24
870|mksanhueza_52|mksanhueza_52@gmail.com|2|1|2023-09-24|2023-09-24
871|obaguilera_79|obaguilera_79@gmail.com|2|1|2023-09-24|2023-09-24
872|jarivera_65|jarivera_65@gmail.com|2|1|2023-09-24|2023-09-24
873|pdmolina_67|pdmolina_67@gmail.com|2|1|2023-09-24|2023-09-24
874|erruiz_96|erruiz_96@gmail.com|2|1|2023-09-24|2023-09-24
875|mgortiz_41|mgortiz_41@gmail.com|2|1|2023-09-24|2023-09-24
901|ijcaceres_75|ijcaceres_75@gmail.com|2|1|2023-09-24|2023-09-24
902|emcampos_20|emcampos_20@gmail.com|2|1|2023-09-24|2023-09-24
903|glrivera_52|glrivera_52@gmail.com|2|1|2023-09-24|2023-09-24
904|docortes_16|docortes_16@gmail.com|2|1|2023-09-24|2023-09-24
905|rlsandoval_6|rlsandoval_6@gmail.com|2|1|2023-09-24|2023-09-24
906|memaldonado_18|memaldonado_18@gmail.com|2|1|2023-09-24|2023-09-24
907|nefernandez_56|nefernandez_56@gmail.com|2|1|2023-09-24|2023-09-24
908|aapena_85|aapena_85@gmail.com|2|1|2023-09-24|2023-09-24
909|mmguerrero_20|mmguerrero_20@gmail.com|2|1|2023-09-24|2023-09-24
910|mjhenriquez_31|mjhenriquez_31@gmail.com|2|1|2023-09-24|2023-09-24
911|aracevedo_81|aracevedo_81@gmail.com|2|1|2023-09-24|2023-09-24
912|mvbustamente_64|mvbustamente_64@gmail.com|2|1|2023-09-24|2023-09-24
913|iralvarez_32|iralvarez_32@gmail.com|2|1|2023-09-24|2023-09-24
914|ffmedina_82|ffmedina_82@gmail.com|2|1|2023-09-24|2023-09-24
915|jjlopez_53|jjlopez_53@gmail.com|2|1|2023-09-24|2023-09-24
916|alacuna_93|alacuna_93@gmail.com|2|1|2023-09-24|2023-09-24
917|lonunez_13|lonunez_13@gmail.com|2|1|2023-09-24|2023-09-24
918|njbustos_91|njbustos_91@gmail.com|2|1|2023-09-24|2023-09-24
919|emguzman_5|emguzman_5@gmail.com|2|1|2023-09-24|2023-09-24
920|gkruiz_98|gkruiz_98@gmail.com|2|1|2023-09-24|2023-09-24
921|msbustos_95|msbustos_95@gmail.com|2|1|2023-09-24|2023-09-24
922|rcvergara_65|rcvergara_65@gmail.com|2|1|2023-09-24|2023-09-24
923|ídcaceres_3|ídcaceres_3@gmail.com|2|1|2023-09-24|2023-09-24
924|klriquelme_24|klriquelme_24@gmail.com|2|1|2023-09-24|2023-09-24
925|apescobar_62|apescobar_62@gmail.com|2|1|2023-09-24|2023-09-24
951|jjorellana_3|jjorellana_3@gmail.com|2|1|2023-09-24|2023-09-24
952|tirivera_99|tirivera_99@gmail.com|2|1|2023-09-24|2023-09-24
953|vbsanchez_58|vbsanchez_58@gmail.com|2|1|2023-09-24|2023-09-24
954|cvjara_17|cvjara_17@gmail.com|2|1|2023-09-24|2023-09-24
955|cjgonzalez_25|cjgonzalez_25@gmail.com|2|1|2023-09-24|2023-09-24
956|bmdonoso_47|bmdonoso_47@gmail.com|2|1|2023-09-24|2023-09-24
957|apruiz_47|apruiz_47@gmail.com|2|1|2023-09-24|2023-09-24
958|akvega_93|akvega_93@gmail.com|2|1|2023-09-24|2023-09-24
959|vrsoto_45|vrsoto_45@gmail.com|2|1|2023-09-24|2023-09-24
960|nfpalma_59|nfpalma_59@gmail.com|2|1|2023-09-24|2023-09-24
961|yafigueroa_48|yafigueroa_48@gmail.com|2|1|2023-09-24|2023-09-24
962|issilva_4|issilva_4@gmail.com|2|1|2023-09-24|2023-09-24
963|alrojas_46|alrojas_46@gmail.com|2|1|2023-09-24|2023-09-24
964|vgpalma_5|vgpalma_5@gmail.com|2|1|2023-09-24|2023-09-24
965|secarrasco_50|secarrasco_50@gmail.com|2|1|2023-09-24|2023-09-24
966|sgmiranda_3|sgmiranda_3@gmail.com|2|1|2023-09-24|2023-09-24
967|lvcarrasco_7|lvcarrasco_7@gmail.com|2|1|2023-09-24|2023-09-24
968|aaparra_74|aaparra_74@gmail.com|2|1|2023-09-24|2023-09-24
969|iccontreras_48|iccontreras_48@gmail.com|2|1|2023-09-24|2023-09-24
970|cemaldonado_61|cemaldonado_61@gmail.com|2|1|2023-09-24|2023-09-24
971|sgvalenzuela_75|sgvalenzuela_75@gmail.com|2|1|2023-09-24|2023-09-24
972|amvasquez_27|amvasquez_27@gmail.com|2|1|2023-09-24|2023-09-24
973|ryescobar_89|ryescobar_89@gmail.com|2|1|2023-09-24|2023-09-24
974|kihenriquez_85|kihenriquez_85@gmail.com|2|1|2023-09-24|2023-09-24
975|dvacuna_42|dvacuna_42@gmail.com|2|1|2023-09-24|2023-09-24
1001|apmolina_13|apmolina_13@gmail.com|2|1|2023-09-24|2023-09-24
1002|scvenegas_27|scvenegas_27@gmail.com|2|1|2023-09-24|2023-09-24
1003|cigarrido_25|cigarrido_25@gmail.com|2|1|2023-09-24|2023-09-24
1004|nacastro_98|nacastro_98@gmail.com|2|1|2023-09-24|2023-09-24
1005|kbcardenas_46|kbcardenas_46@gmail.com|2|1|2023-09-24|2023-09-24
1006|vsvidal_94|vsvidal_94@gmail.com|2|1|2023-09-24|2023-09-24
1007|ckvasquez_69|ckvasquez_69@gmail.com|2|1|2023-09-24|2023-09-24
1008|jnaraya_27|jnaraya_27@gmail.com|2|1|2023-09-24|2023-09-24
1009|sjsaez_47|sjsaez_47@gmail.com|2|1|2023-09-24|2023-09-24
1010|fealarcon_26|fealarcon_26@gmail.com|2|1|2023-09-24|2023-09-24
1011|gjmoreno_63|gjmoreno_63@gmail.com|2|1|2023-09-24|2023-09-24
1012|jevidal_43|jevidal_43@gmail.com|2|1|2023-09-24|2023-09-24
1013|jzpino_25|jzpino_25@gmail.com|2|1|2023-09-24|2023-09-24
1014|pljimenez_69|pljimenez_69@gmail.com|2|1|2023-09-24|2023-09-24
1015|dsgarrido_63|dsgarrido_63@gmail.com|2|1|2023-09-24|2023-09-24
1016|sdtoro_70|sdtoro_70@gmail.com|2|1|2023-09-24|2023-09-24
1017|jnrivera_25|jnrivera_25@gmail.com|2|1|2023-09-24|2023-09-24
1018|picastillo_50|picastillo_50@gmail.com|2|1|2023-09-24|2023-09-24
1019|xaaraya_52|xaaraya_52@gmail.com|2|1|2023-09-24|2023-09-24
1020|saacevedo_18|saacevedo_18@gmail.com|2|1|2023-09-24|2023-09-24
1021|boescobar_25|boescobar_25@gmail.com|2|1|2023-09-24|2023-09-24
1022|invergara_15|invergara_15@gmail.com|2|1|2023-09-24|2023-09-24
1023|lavergara_50|lavergara_50@gmail.com|2|1|2023-09-24|2023-09-24
1024|tkrojas_34|tkrojas_34@gmail.com|2|1|2023-09-24|2023-09-24
1025|dscastillo_46|dscastillo_46@gmail.com|2|1|2023-09-24|2023-09-24
1051|msmoreno_96|msmoreno_96@gmail.com|2|1|2023-09-24|2023-09-24
1052|tealvarado_4|tealvarado_4@gmail.com|2|1|2023-09-24|2023-09-24
1053|íacarvajal_23|íacarvajal_23@gmail.com|2|1|2023-09-24|2023-09-24
1054|pcvidal_13|pcvidal_13@gmail.com|2|1|2023-09-24|2023-09-24
1055|slsandoval_66|slsandoval_66@gmail.com|2|1|2023-09-24|2023-09-24
1056|sapena_11|sapena_11@gmail.com|2|1|2023-09-24|2023-09-24
1057|vlgarcia_7|vlgarcia_7@gmail.com|2|1|2023-09-24|2023-09-24
1058|eafernandez_99|eafernandez_99@gmail.com|2|1|2023-09-24|2023-09-24
1059|pjmiranda_47|pjmiranda_47@gmail.com|2|1|2023-09-24|2023-09-24
1060|aatorres_88|aatorres_88@gmail.com|2|1|2023-09-24|2023-09-24
1061|camedina_38|camedina_38@gmail.com|2|1|2023-09-24|2023-09-24
1062|gjjimenez_58|gjjimenez_58@gmail.com|2|1|2023-09-24|2023-09-24
1063|áwmolina_56|áwmolina_56@gmail.com|2|1|2023-09-24|2023-09-24
1064|rparavena_27|rparavena_27@gmail.com|2|1|2023-09-24|2023-09-24
1065|eabustos_23|eabustos_23@gmail.com|2|1|2023-09-24|2023-09-24
1066|cjnavarrete_66|cjnavarrete_66@gmail.com|2|1|2023-09-24|2023-09-24
1067|fesandoval_20|fesandoval_20@gmail.com|2|1|2023-09-24|2023-09-24
1068|rialarcon_50|rialarcon_50@gmail.com|2|1|2023-09-24|2023-09-24
1069|acalarcon_84|acalarcon_84@gmail.com|2|1|2023-09-24|2023-09-24
1070|aecastro_33|aecastro_33@gmail.com|2|1|2023-09-24|2023-09-24
1071|skvera_14|skvera_14@gmail.com|2|1|2023-09-24|2023-09-24
1072|moortiz_25|moortiz_25@gmail.com|2|1|2023-09-24|2023-09-24
1073|mnsilva_67|mnsilva_67@gmail.com|2|1|2023-09-24|2023-09-24
1074|gzcaceres_53|gzcaceres_53@gmail.com|2|1|2023-09-24|2023-09-24
1075|emrojas_43|emrojas_43@gmail.com|2|1|2023-09-24|2023-09-24
1101|ccgonzalez_13|ccgonzalez_13@gmail.com|2|1|2023-09-24|2023-09-24
1102|djrodriguez_4|djrodriguez_4@gmail.com|2|1|2023-09-24|2023-09-24
1103|dmmolina_33|dmmolina_33@gmail.com|2|1|2023-09-24|2023-09-24
1104|gvdonoso_27|gvdonoso_27@gmail.com|2|1|2023-09-24|2023-09-24
1105|mdgomez_99|mdgomez_99@gmail.com|2|1|2023-09-24|2023-09-24
1106|maescobar_88|maescobar_88@gmail.com|2|1|2023-09-24|2023-09-24
1107|ammedina_77|ammedina_77@gmail.com|2|1|2023-09-24|2023-09-24
1108|ssgodoy_13|ssgodoy_13@gmail.com|2|1|2023-09-24|2023-09-24
1109|jralvarado_71|jralvarado_71@gmail.com|2|1|2023-09-24|2023-09-24
1110|ivbustos_60|ivbustos_60@gmail.com|2|1|2023-09-24|2023-09-24
1111|tovenegas_18|tovenegas_18@gmail.com|2|1|2023-09-24|2023-09-24
1112|mgmiranda_77|mgmiranda_77@gmail.com|2|1|2023-09-24|2023-09-24
1113|papino_32|papino_32@gmail.com|2|1|2023-09-24|2023-09-24
1114|acsoto_13|acsoto_13@gmail.com|2|1|2023-09-24|2023-09-24
1115|llortega_9|llortega_9@gmail.com|2|1|2023-09-24|2023-09-24
1116|ypvega_2|ypvega_2@gmail.com|2|1|2023-09-24|2023-09-24
1117|pkacevedo_63|pkacevedo_63@gmail.com|2|1|2023-09-24|2023-09-24
1118|nlacevedo_75|nlacevedo_75@gmail.com|2|1|2023-09-24|2023-09-24
1119|ggcampos_53|ggcampos_53@gmail.com|2|1|2023-09-24|2023-09-24
1120|mtalvarado_57|mtalvarado_57@gmail.com|2|1|2023-09-24|2023-09-24
1121|nzjimenez_5|nzjimenez_5@gmail.com|2|1|2023-09-24|2023-09-24
1122|krmoreno_17|krmoreno_17@gmail.com|2|1|2023-09-24|2023-09-24
1123|siperez_78|siperez_78@gmail.com|2|1|2023-09-24|2023-09-24
1124|mtrodriguez_8|mtrodriguez_8@gmail.com|2|1|2023-09-24|2023-09-24
1125|ndtapia_46|ndtapia_46@gmail.com|2|1|2023-09-24|2023-09-24
1151|aevaldes_50|aevaldes_50@gmail.com|2|1|2023-09-24|2023-09-24
1152|xmalvarez_33|xmalvarez_33@gmail.com|2|1|2023-09-24|2023-09-24
1153|pppalma_55|pppalma_55@gmail.com|2|1|2023-09-24|2023-09-24
1154|aapizarro_10|aapizarro_10@gmail.com|2|1|2023-09-24|2023-09-24
1155|tarivera_43|tarivera_43@gmail.com|2|1|2023-09-24|2023-09-24
1156|siherrera_73|siherrera_73@gmail.com|2|1|2023-09-24|2023-09-24
1157|pmacevedo_63|pmacevedo_63@gmail.com|2|1|2023-09-24|2023-09-24
1158|dcgonzalez_100|dcgonzalez_100@gmail.com|2|1|2023-09-24|2023-09-24
1159|vvcardenas_19|vvcardenas_19@gmail.com|2|1|2023-09-24|2023-09-24
1160|avsalinas_24|avsalinas_24@gmail.com|2|1|2023-09-24|2023-09-24
1161|vxorellana_69|vxorellana_69@gmail.com|2|1|2023-09-24|2023-09-24
1162|sdsanchez_14|sdsanchez_14@gmail.com|2|1|2023-09-24|2023-09-24
1163|lcvega_40|lcvega_40@gmail.com|2|1|2023-09-24|2023-09-24
1164|tngonzalez_59|tngonzalez_59@gmail.com|2|1|2023-09-24|2023-09-24
1165|jstapia_7|jstapia_7@gmail.com|2|1|2023-09-24|2023-09-24
1166|meescobar_28|meescobar_28@gmail.com|2|1|2023-09-24|2023-09-24
1167|jjparra_2|jjparra_2@gmail.com|2|1|2023-09-24|2023-09-24
1168|mjpizarro_23|mjpizarro_23@gmail.com|2|1|2023-09-24|2023-09-24
1169|jcfuentes_80|jcfuentes_80@gmail.com|2|1|2023-09-24|2023-09-24
1170|dmgarcia_32|dmgarcia_32@gmail.com|2|1|2023-09-24|2023-09-24
1171|ejmunoz_43|ejmunoz_43@gmail.com|2|1|2023-09-24|2023-09-24
1172|árramirez_1|árramirez_1@gmail.com|2|1|2023-09-24|2023-09-24
1173|samorales_10|samorales_10@gmail.com|2|1|2023-09-24|2023-09-24
1174|paleiva_53|paleiva_53@gmail.com|2|1|2023-09-24|2023-09-24
1175|rwortega_71|rwortega_71@gmail.com|2|1|2023-09-24|2023-09-24
1201|edcarvajal_10|edcarvajal_10@gmail.com|2|1|2023-09-24|2023-09-24
1202|jjvalenzuela_2|jjvalenzuela_2@gmail.com|2|1|2023-09-24|2023-09-24
1203|cariquelme_40|cariquelme_40@gmail.com|2|1|2023-09-24|2023-09-24
1204|ájcampos_21|ájcampos_21@gmail.com|2|1|2023-09-24|2023-09-24
1205|macarrasco_17|macarrasco_17@gmail.com|2|1|2023-09-24|2023-09-24
1206|fjzuniga_73|fjzuniga_73@gmail.com|2|1|2023-09-24|2023-09-24
1207|apcortes_73|apcortes_73@gmail.com|2|1|2023-09-24|2023-09-24
1208|hkacuna_5|hkacuna_5@gmail.com|2|1|2023-09-24|2023-09-24
1209|eacardenas_100|eacardenas_100@gmail.com|2|1|2023-09-24|2023-09-24
1210|javera_16|javera_16@gmail.com|2|1|2023-09-24|2023-09-24
1211|ejjimenez_20|ejjimenez_20@gmail.com|2|1|2023-09-24|2023-09-24
1212|eevega_75|eevega_75@gmail.com|2|1|2023-09-24|2023-09-24
1213|ecmunoz_7|ecmunoz_7@gmail.com|2|1|2023-09-24|2023-09-24
1214|gicarrasco_41|gicarrasco_41@gmail.com|2|1|2023-09-24|2023-09-24
1215|lrmoreno_88|lrmoreno_88@gmail.com|2|1|2023-09-24|2023-09-24
1216|fjfernandez_8|fjfernandez_8@gmail.com|2|1|2023-09-24|2023-09-24
1217|jksilva_87|jksilva_87@gmail.com|2|1|2023-09-24|2023-09-24
1218|yrruiz_75|yrruiz_75@gmail.com|2|1|2023-09-24|2023-09-24
1219|jrromero_48|jrromero_48@gmail.com|2|1|2023-09-24|2023-09-24
1220|saespinoza_75|saespinoza_75@gmail.com|2|1|2023-09-24|2023-09-24
1221|lbsalazar_12|lbsalazar_12@gmail.com|2|1|2023-09-24|2023-09-24
1222|mptapia_98|mptapia_98@gmail.com|2|1|2023-09-24|2023-09-24
1223|ancarrasco_93|ancarrasco_93@gmail.com|2|1|2023-09-24|2023-09-24
1224|japizarro_40|japizarro_40@gmail.com|2|1|2023-09-24|2023-09-24
1225|ájlopez_78|ájlopez_78@gmail.com|2|1|2023-09-24|2023-09-24